"ID","Priority","Audience","Visible when","File","Line","Channel","Prints","Log text","Flagged terms","Why it confuses","Suggested text","Action","Brendan feedback","Decision"
"A1","High","user","default (every run)","Osprey.Tasks/Pass2FdrSidecar.cs","1866","LogInfo","once per run (second pass)","OSPREY_PASS2_QVALUE={0}: recomputing q/PEP by streaming {1} file(s), frozen-model scores swapped in for up to {2} reconciled survivor observations - no retrain, one file resident at a time{3}., competition CONSTRAINED to the {stratumBaseIds.Count}-base_id protein stratum","survivor/retained set; base_id; stratum; frozen; competition; resident; OSPREY_* env var","Default mode announces itself by an environment-variable assignment the user never made; six internal terms in one sentence. Decided: never name an env var on a default path; frozen-model/no-retrain wording dropped; 'detections' = passed the current cutoff.","Second-pass FDR over 82 files: recomputing q-values for 165,339 precursor candidates from proteins with 2 or more detections; other candidates keep their first-pass q-values.","rewrite; name OSPREY_PASS2_QVALUE only when the user set it","",""
"A10","High","user","default (every run)","Osprey.Tasks/PerFileScoringTask.cs","2003","LogInfo","once per second-pass run","Hydrated rescore bundle for {0} file(s) ({1} reconciliation actions, {2} refined RT calibration(s), {3} gap-fill target(s))","bundle/envelope; use_cwt/forced/gap-fill/actions; code identifier","'hydrate' and 'bundle' are both internal. Decided: 'cross-run reconciliation files' ('reconciliation plan' was opaque; 'results' means end results to a user).","Loading cross-run reconciliation files... / Loaded cross-run reconciliation files for 82 runs: 2,049,133 peak re-picks and boundary imputations, 18,237 missing peaks, 82 refined RT calibrations.","rewrite","",""
"A10","High","user","default (every run)","Osprey.Tasks/RescoreHydration.cs","347","ProgressReporter","once per second-pass run","Hydrating reconciliation bundle...","bundle/envelope; code identifier","'hydrate' and 'bundle' are both internal. Decided: 'cross-run reconciliation files' ('reconciliation plan' was opaque; 'results' means end results to a user).","Loading cross-run reconciliation files... / Loaded cross-run reconciliation files for 82 runs: 2,049,133 peak re-picks and boundary imputations, 18,237 missing peaks, 82 refined RT calibrations.","rewrite","",""
"A10","High","user","default (every run)","Osprey.Tasks/RescoreHydration.cs","577","ProgressReporter","once per second-pass run","Hydrating reconciliation bundle...","bundle/envelope","'hydrate' and 'bundle' are both internal. Decided: 'cross-run reconciliation files' ('reconciliation plan' was opaque; 'results' means end results to a user).","Loading cross-run reconciliation files... / Loaded cross-run reconciliation files for 82 runs: 2,049,133 peak re-picks and boundary imputations, 18,237 missing peaks, 82 refined RT calibrations.","rewrite","",""
"A11","High","user","default (every run)","Osprey.Tasks/Pass2FdrSidecar.cs","567","ProgressReporter","once per second-pass run","Reloading 2nd-pass FDR scores ({0}) for {1} file(s)...","code identifier","The second pass's progress headings narrate the code structure (seed, collect, stream, patch, reload) rather than what the user is waiting for; 'protein-compact:' as a prefix reads as a file or protein name.","Checking second-pass intermediate files for 82 files...","rewrite","",""
"A11","High","user","default (every run)","Osprey.Tasks/Pass2FdrSidecar.cs","749","ProgressReporter","once per second-pass run","Seeding pass-1 scalars from {0} file(s)...","scalars; code identifier","The second pass's progress headings narrate the code structure (seed, collect, stream, patch, reload) rather than what the user is waiting for; 'protein-compact:' as a prefix reads as a file or protein name.","Restoring first-pass scores for 82 files...","rewrite","",""
"A11","High","user","default (every run)","Osprey.Tasks/Pass2FdrSidecar.cs","1456","ProgressReporter","once per second-pass run","Patching pass-2 protein q into {0} sidecar(s)...","sidecar","The second pass's progress headings narrate the code structure (seed, collect, stream, patch, reload) rather than what the user is waiting for; 'protein-compact:' as a prefix reads as a file or protein name.","Writing protein q-values for 82 files...","rewrite","",""
"A11","High","user","default (every run)","Osprey.Tasks/Pass2FdrSidecar.cs","1747","ProgressReporter","once per second-pass run","Collecting pass-2 survivors from {0} file(s)...","","The second pass's progress headings narrate the code structure (seed, collect, stream, patch, reload) rather than what the user is waiting for; 'protein-compact:' as a prefix reads as a file or protein name.","Collecting second-pass precursor candidates from 82 files...","rewrite","",""
"A11","High","user","default (every run)","Osprey.Tasks/Pass2FdrSidecar.cs","1965","ProgressReporter","once per second-pass run","{0}: streaming the competition over {1} file(s)...","competition","The second pass's progress headings narrate the code structure (seed, collect, stream, patch, reload) rather than what the user is waiting for; 'protein-compact:' as a prefix reads as a file or protein name.","Recomputing q-values for precursor candidates from proteins with 2 or more detections across 82 files...","rewrite","",""
"A11","High","user","default (every run)","Osprey.Tasks/Pass2FdrSidecar.cs","2212","ProgressReporter","once per second-pass run","{0}: writing experiment q to {1} file(s)...","sidecar","The second pass's progress headings narrate the code structure (seed, collect, stream, patch, reload) rather than what the user is waiting for; 'protein-compact:' as a prefix reads as a file or protein name.","Writing experiment-level q-values for 82 files...","rewrite","",""
"A12","High","user","default (every run)","Osprey.Tasks/RescoreCompaction.cs","226","ProgressReporter","once per second-pass run","Applying the retained set across {0} file(s)...","survivor/retained set","Design-document term.","Trimming each file to the precursor candidates kept for cross-run reconciliation...","rewrite","",""
"A13","High","user","default (every run)","Osprey.Scoring/DecoyGenerator.cs","229","LogInfo","once per library load","Generating decoys using {0} method...","enum ToString","Enum ToString() leaking (Reverse).","Generating reverse-sequence decoys...","Skyline GetLocalizedString pattern over resource strings","",""
"A13","High","user","default (every run)","Osprey/Program.cs","281","LogInfo","startup banner","Library: {0} ({1})(none)?","enum ToString","Enum ToString() leaking (DiannTsv).","Library: {path} (DIA-NN TSV)","Skyline GetLocalizedString pattern over resource strings","",""
"A13","High","user","default (every run)","Osprey/Program.cs","309","LogInfo","startup banner","Resolution: {0}","enum ToString","Enum ToString() leaking; CLI accepts --resolution unit|hram|auto. Decided: Skyline GetLocalizedString extension over resource strings, ready for a later RESX pass.","Resolution: unit","Skyline GetLocalizedString pattern over resource strings","",""
"A2","High","user","default (every run)","Osprey.Tasks/FirstPassFdrTask.cs","2768","logDelegate","once per run","protein-compact: {0} proteins with >=2 detected peptides -> stratum of {1} base_ids (from {2} detected peptides).","compaction; base_id; stratum","'stratum' and 'base_ids' are struct-level names; the line is really announcing which precursors get new q-values in the second pass.","4,177 proteins have 2 or more detections (30,846 detected peptides); their 165,339 precursor candidates go to second-pass FDR.","rewrite","",""
"A3","High","user","default (every run)","Osprey.FDR/PercolatorEngine.cs","818","LogInfo","once per FDR pass","[PATH] {0} projection streaming ingest (RunStreamingIntoProjection): {1} rows","projection; code identifier","A C# method name in the log with an undocumented [PATH] tag; it is the first line of the FDR section.","(none; 'Running First-pass Percolator on N entries...' already covers it)","gate behind --perf-stats; add [PATH] to OspreyOutput.IsStatLine","",""
"A3","High","user","default (every run)","Osprey.FDR/PercolatorScorer.cs","777","LogInfo","once per FDR pass","[PATH] {0} streaming ingest (RunStreamingFirstPass): {1} rows","code identifier","A C# method name in the log with an undocumented [PATH] tag; it is the first line of the FDR section.","(none; 'Running First-pass Percolator on N entries...' already covers it)","gate behind --perf-stats; add [PATH] to OspreyOutput.IsStatLine","",""
"A5","High","user","default (every run)","Osprey.Core/LibraryStringInterner.cs","170","LogInfo","twice per library load, every leg","Interned library strings: {0} distinct / {1} total ({2:F1}% collapsed)","byproduct/interned/parquet","String interning is a memory technique; nothing a user can act on, and it is in the first ten lines of every run.","(none)","gate behind --verbose","",""
"A5","High","user","default (every run)","Osprey.IO/DecoyPairingManifest.cs","358","LogInfo","twice per library load, every leg","Library-decoy mode: interned manifest protein accessions ({0} distinct / {1} total, {2:F1}% collapsed)","byproduct/interned/parquet","String interning is a memory technique; nothing a user can act on, and it is in the first ten lines of every run.","(none)","gate behind --verbose","",""
"A6","High","user","default (every run)","Osprey.Tasks/FirstPassFdrTask.cs","1793","LogInfo","once per run","First-pass compaction: {0} -> {1} entries ({2} passing base_ids; {3} action(s) dropped)","entry/entries; compaction; base_id; use_cwt/forced/gap-fill/actions","'compaction' is a memory-bounding step; the user cares that a subset is carried forward. The base_id count mixes three admission rules (run-level peptide q, protein q, protein with 2+ detections) and belongs behind --verbose.","Kept 996,439 of 1,448,698 precursor candidates for cross-run reconciliation.","rewrite","",""
"A6","High","user","default (every run)","Osprey.Tasks/FirstPassFdrTask.cs","1854","LogInfo","once per run","First-pass compaction: {0} -> {1} entries ({2} passing base_ids)","entry/entries; compaction; base_id","'compaction' is a memory-bounding step; the user cares that a subset is carried forward. The base_id count mixes three admission rules (run-level peptide q, protein q, protein with 2+ detections) and belongs behind --verbose.","Kept 996,439 of 1,448,698 precursor candidates for cross-run reconciliation.","rewrite","",""
"A6","High","user","default (every run)","Osprey.Tasks/FirstPassFdrTask.cs","3498","LogInfo","once per run","First-pass compaction: {0} -> {1} entries ({2} passing base_ids)","entry/entries; compaction; base_id","'compaction' is a memory-bounding step; the user cares that a subset is carried forward. The base_id count mixes three admission rules (run-level peptide q, protein q, protein with 2+ detections) and belongs behind --verbose.","Kept 996,439 of 1,448,698 precursor candidates for cross-run reconciliation.","rewrite","",""
"A6","High","user","default (every run)","Osprey.Tasks/PerFileRescoreTask.cs","822","LogInfo","once per run"," --task SecondPassFDR compaction: {0} -> {1} entries ({2} passing base_ids; {3} action(s) dropped)","entry/entries; compaction; base_id; use_cwt/forced/gap-fill/actions","'compaction' is a memory-bounding step; the user cares that a subset is carried forward. The base_id count mixes three admission rules (run-level peptide q, protein q, protein with 2+ detections) and belongs behind --verbose.","Kept 996,439 of 1,448,698 precursor candidates for cross-run reconciliation.","rewrite","",""
"A7","High","user","default (every run)","Osprey.Tasks/FirstPassFdrTask.cs","2262","LogInfo","once per file","Wrote reconciliation.json for {0} ({1} use_cwt + {2} forced + {3} gap-fill)","use_cwt/forced/gap-fill/actions","'use_cwt' is the JSON action-type identifier. Decided: Skyline's 'peak boundary imputation' vocabulary for forced and gap-fill actions.","Cross-run reconciliation for {file}: 23,509 peaks to re-pick, 13,416 peak boundaries to impute, 131 missing peaks.","rewrite","",""
"A8","High","user","default (every run)","Osprey.Tasks/Stage6Planner.cs","460","LogInfo","once per run","Reconciliation: {0} per-(file, entry) actions planned","entry/entries; use_cwt/forced/gap-fill/actions","Tuple notation from the planner's data model.","Cross-run reconciliation: 110,111 peak re-picks and boundary imputations planned across 3 files.","rewrite","",""
"A9","High","user","default (every run)","Osprey.Tasks/PerFileScoringTask.cs","1571","LogInfo","once per file (82 of 369 lines in the SEA-AD log)","Loaded {0} FDR stubs + features","stubs","'stubs' and 'path' are code words; the parenthetical is a note to a future developer. Decided: one progress heading in this wording replaces the per-file lines.","Loading FDR values from intermediate files for 82 files...","one progress heading replaces the per-file lines; per-file detail behind --verbose","",""
"A9","High","user","default (every run)","Osprey.Tasks/PerFileScoringTask.cs","1604","LogInfo","once per file (82 of 369 lines in the SEA-AD log)","Loaded {0} FDR stubs (features not loaded - not read on this path)","stubs","'stubs' and 'path' are code words; the parenthetical is a note to a future developer. Decided: one progress heading in this wording replaces the per-file lines.","Loading FDR values from intermediate files for 82 files...","one progress heading replaces the per-file lines; per-file detail behind --verbose","",""
"A9","High","user","default (every run)","Osprey.Tasks/PerFileScoringTask.cs","1767","LogInfo","once per file (82 of 369 lines in the SEA-AD log)","Loaded {0} FDR stubs (features not loaded - not read on this path)","stubs","'stubs' and 'path' are code words; the parenthetical is a note to a future developer. Decided: one progress heading in this wording replaces the per-file lines.","Loading FDR values from intermediate files for 82 files...","one progress heading replaces the per-file lines; per-file detail behind --verbose","",""
"A15","Medium","user","default (every run)","Osprey.Tasks/FirstPassFdrTask.cs","3252","LogInfo","once per run","First-pass: {0} of {1} file(s) had their sidecar written during pass 1, so pass 2 read those scores back instead of reloading features.","sidecar","'pass 1 / pass 2' here are two internal score passes inside first-pass FDR, not the pipeline's first and second pass.","(none)","gate behind --verbose","",""
"A16","Medium","user","default (every run)","Osprey.Tasks/FirstPassFdrTask.cs","2152","LogInfo","once per run","Wrote experiment-scope FDR sidecar: {0} ({1} distinct entry ids)","sidecar; entry/entries","'We saved an internal file' lines naming files the user is not expected to open.","(none)","gate behind --verbose","",""
"A16","Medium","user","default (every run)","Osprey.Tasks/FirstPassFdrTask.cs","2347","LogInfo","once per run","Wrote analysis-wide retained base_id summary: {0} base_id(s) across {1} run(s)","survivor/retained set; base_id","'We saved an internal file' lines naming files the user is not expected to open.","(none)","gate behind --verbose","",""
"A16","Medium","user","default (every run)","Osprey.Tasks/FirstPassFdrTask.cs","2822","LogInfo","once per run","Persisted the protein-compact stratum ({0} file sidecar(s)).","sidecar; compaction; stratum","'We saved an internal file' lines naming files the user is not expected to open.","(none)","gate behind --verbose","",""
"A16","Medium","user","default (every run)","Osprey.Tasks/FirstPassFdrTask.cs","3446","LogInfo","once per run","Persisted the trained 1st-pass model ({0} file sidecar(s)); a run interrupted after this point resumes without retraining.","sidecar","Useful fact (resume point) wrapped in 'sidecar'.","Saved the first-pass model as an intermediate file beside each input; an interrupted run resumes from here without retraining.","rewrite","",""
"A16","Medium","user","default (every run)","Osprey.Tasks/Pass2FdrSidecar.cs","1556","LogInfo","once per run","Wrote experiment-scope FDR sidecar: {0} ({1} distinct entry ids)","sidecar; entry/entries","'We saved an internal file' lines naming files the user is not expected to open.","(none)","gate behind --verbose","",""
"A17","Medium","user","default (every run)","Osprey.Scoring/ScoringPipeline.cs","485","LogInfo","once per file","Double-counting deduplication: removed {0} entries ({1} targets, {2} decoys; {3} remaining)","entry/entries","'Double-counting' names the bug the step prevents, not what was removed.","Removed 2,081 duplicate candidates picked at the same retention time in overlapping isolation windows (1,167 targets, 914 decoys); 482,891 remain.","rewrite","",""
"A18","Medium","user","default (every run)","Osprey.Tasks/Stage6Planner.cs","263","LogInfo","once per run","Reconciliation multi-charge consensus: {0} entries need re-scoring across {1} files","entry/entries","Says what was computed but not what for; 'consensus' needs 'cross-run' and 'peak boundaries'.","Cross-run consensus: peak boundaries agreed for 30,846 target and 30,832 decoy peptides; 22,037 additional charge states will be re-scored.","rewrite","",""
"A18","Medium","user","default (every run)","Osprey.Tasks/Stage6Planner.cs","312","LogInfo","once per run","Reconciliation consensus: {0} target peptides, {1} decoy peptides","","Says what was computed but not what for; 'consensus' needs 'cross-run' and 'peak boundaries'.","Cross-run consensus: peak boundaries agreed for 30,846 target and 30,832 decoy peptides; 22,037 additional charge states will be re-scored.","rewrite","",""
"A19","Medium","user","default (every run)","Osprey.Tasks/FirstPassFdrTask.cs","2723","LogInfo","once per pass","Released library fragments for {0} of {1} entries ({2} base_ids retained for rescore + gap-fill)","entry/entries; survivor/retained set; base_id; use_cwt/forced/gap-fill/actions","Memory bookkeeping.","(none)","gate behind OSPREY_LOG_MEMORY","",""
"A19","Medium","user","default (every run)","Osprey.Tasks/PipelineByproducts.cs","126","LogInfo","once per run","Sequence pool: {0} distinct seeded from the library, {1} sidecar lookup(s) missed it","sidecar","Memory bookkeeping.","(none)","gate behind --verbose","",""
"A19","Medium","user","default (every run)","Osprey.Tasks/PipelineContext.cs","371","LogInfo","once per task boundary","[DROP] Released {0} byproduct(s) at the task boundary; the library stays resident.","resident; byproduct/interned/parquet","Memory bookkeeping ('byproduct', 'resident').","(none)","gate behind OSPREY_LOG_MEMORY","",""
"A19","Medium","user","default (every run)","Osprey.Tasks/SecondPassFdrTask.cs","971","LogInfo","once per pass","Released library fragments for {0} of {1} entries ({2} base_ids retained for the reported pool)","entry/entries; survivor/retained set; base_id","Memory bookkeeping.","(none)","gate behind OSPREY_LOG_MEMORY","",""
"A20","Medium","user","default (every run)","Osprey.Tasks/Pass2FdrSidecar.cs","213","LogInfo","once per second-pass run","{0}/{1} file(s) have no precomputed second-pass FDR scores - computing them here from the reconciled features (reused distributed-run code path).","","The normal case for a straight-through run, phrased as a fallback with a parenthetical aimed at a code reviewer.","Computing second-pass FDR scores for 82 files.","rewrite","",""
"A20","Medium","user","default (every run)","Osprey.Tasks/Pass2FdrSidecar.cs","2139","LogInfo","once per second-pass run","Second-pass fold reading the worker's written answer for all {0} file(s); no 1st-pass sidecar is opened.","sidecar; fold (verb); worker/fan-out/join","HPC provenance notes ('fold', 'worker's answer').","(none)","gate behind --verbose","",""
"A20","Medium","user","default (every run)","Osprey.Tasks/Pass2FdrSidecar.cs","2145","LogInfo","once per second-pass run","Second-pass fold has a worker answer for {0} of {1} file(s); the remaining {2} are RECOMPUTED from their 1st-pass sidecars. A node given complete worker output would open none.","sidecar; fold (verb); worker/fan-out/join","HPC provenance notes ('fold', 'worker's answer').","(none)","gate behind --verbose","",""
"A21","Medium","user","default (every run)","Osprey.FDR/PercolatorScorer.cs","896","LogInfo","once per second-pass run","Reusing the persisted first-pass model; no training subset is loaded and no SVM is trained.","","Three variants of the same fact. 'Frozen' / 'no retraining' describe what the code no longer does; dropped from user text.","Reusing the saved first-pass model.","rewrite (one line) / gate the others behind --verbose","",""
"A21","Medium","user","default (every run)","Osprey.Tasks/Pass2FdrSidecar.cs","470","LogInfo","once per second-pass run","Reloaded persisted 1st-pass model sidecar for frozen 2nd-pass (pass-1 experiment aggregation: {0}).not recorded","sidecar; frozen","Three variants of the same fact. 'Frozen' / 'no retraining' describe what the code no longer does; dropped from user text.","Reusing the saved first-pass model.","rewrite (one line) / gate the others behind --verbose","",""
"A21","Medium","user","default (every run)","Osprey.Tasks/Pass2FdrSidecar.cs","479","LogInfo","once per second-pass run","Reloaded the persisted protein-compact stratum ({0} base ids).","compaction; base_id; stratum","Three variants of the same fact. 'Frozen' / 'no retraining' describe what the code no longer does; dropped from user text.","Reusing the saved first-pass model.","rewrite (one line) / gate the others behind --verbose","",""
"A22","Medium","user","default (every run)","Osprey.Tasks/FirstPassFdrTask.cs","1074","LogInfo","once per run","Per-run rescore: FirstPassFDR publishes the survivor loader only; no experiment-wide bundle is built for {0} run(s).","survivor/retained set; bundle/envelope; code identifier","Records the memory strategy in design-doc vocabulary; PerFileScoringTask.cs:1776 prints a consumer type name.","Re-scoring 82 runs one at a time.","rewrite (one line) / gate the rest behind --verbose","",""
"A22","Medium","user","default (every run)","Osprey.Tasks/PerFileRescoreTask.cs","2042","LogInfo","once per run","Per-run rescore: hydrating each of {0} run(s) from its own artifacts (no all-runs pre-load; {1} retained base_id(s) read once).","survivor/retained set; base_id; hydrate","Records the memory strategy in design-doc vocabulary; PerFileScoringTask.cs:1776 prints a consumer type name.","Re-scoring 82 runs one at a time.","rewrite (one line) / gate the rest behind --verbose","",""
"A22","Medium","user","default (every run)","Osprey.Tasks/PerFileRescoreTask.cs","2172","LogInfo","once per run","Second-pass join: folding over {0} run(s), each rebuilt from its own reconciled parquet and dropped (no all-runs survivor pool). {1} of {0} run(s) carry a current reconciled parquet; a run without one is an error, not a run that keeps its 1st-pass boundaries.","survivor/retained set; fold (verb); worker/fan-out/join; byproduct/interned/parquet","Records the memory strategy in design-doc vocabulary; PerFileScoringTask.cs:1776 prints a consumer type name.","Re-scoring 82 runs one at a time.","rewrite (one line) / gate the rest behind --verbose","",""
"A22","Medium","user","default (every run)","Osprey.Tasks/PerFileScoringTask.cs","1808","LogInfo","once per run","{0} run(s) will be hydrated one at a time by {1}; no all-runs pre-load.","hydrate","Records the memory strategy in design-doc vocabulary; PerFileScoringTask.cs:1776 prints a consumer type name.","Re-scoring 82 runs one at a time.","rewrite (one line) / gate the rest behind --verbose","",""
"A23","Medium","user","default (every run)","Osprey.Tasks/FirstPassFdrTask.cs","508","LogInfo","once per run","Running {0} FDR control on coelution results...","","Prints the FdrMethod enum in lower case.","Running Percolator FDR control on the scored candidates...","rewrite","",""
"A23","Medium","user","default (every run)","Osprey.Tasks/PerFileScoringTask.cs","485","LogInfo","once per run","Coelution analysis complete. {0} total scored entries across {1} files","entry/entries","'coelution' stays (known DIA term; Skyline has a coelution score). 'entries' is never defined; this is the line where 'precursor candidates' would land.","Coelution scoring complete: 1,448,698 precursor candidates (targets + decoys) scored across 3 files.","rewrite","",""
"A23","Medium","user","default (every run)","Osprey.Tasks/PerFileScoringTask.cs","580","LogInfo","once per run","Coelution analysis complete. {0} total scored entries across {1} files","entry/entries","'coelution' stays (known DIA term; Skyline has a coelution score). 'entries' is never defined; this is the line where 'precursor candidates' would land.","Coelution scoring complete: 1,448,698 precursor candidates (targets + decoys) scored across 3 files.","rewrite","",""
"A23","Medium","user","default (every run)","Osprey.Tasks/PerFileScoringTask.cs","878","LogInfo","once per run","Coelution analysis complete. {0} total scored entries across {1} files","entry/entries","'coelution' stays (known DIA term; Skyline has a coelution score). 'entries' is never defined; this is the line where 'precursor candidates' would land.","Coelution scoring complete: 1,448,698 precursor candidates (targets + decoys) scored across 3 files.","rewrite","",""
"A24","Medium","user","default (every run)","Osprey.Tasks/Calibrator.cs","586","LogInfo","per file, conditional","Refinement pass skipped: pass 1 used a linear fit ({0} points); narrowing the window from it would be self-confirming.","","'self-confirming' is a design note.","RT calibration refinement skipped: the first pass was a linear fit over N points, so a narrower window would only re-find the same points.","rewrite","",""
"A24","Medium","user","default (every run)","Osprey.Tasks/Calibrator.cs","636","LogInfo","per file, conditional","Refined calibration is a linear fit over {0} points that fails the span/plausibility guards, keeping original calibration","","'guards' is code vocabulary.","Refined RT calibration rejected: a linear fit over N points spans too little of the gradient. Keeping the first calibration.","rewrite","",""
"A25","Medium","user","default (every run)","Osprey.Tasks/FirstPassFdrTask.cs","2000","LogInfo","--task runs"," --task FirstPassFDR: Stage 5 + reconciliation planning complete; wrote {0} reconciliation.json + matching fdr_scores.bin sidecar pair(s). Exiting before Stage 6 rescore.","sidecar; Stage N; code identifier","Stage numbers and 'sidecar pair(s)'."," --task FirstPassFDR complete: first-pass FDR and reconciliation planning done for 3 files; the next task (PerFileRescoring) reads the intermediate .reconciliation.json and .1st-pass.fdr_scores.bin files beside each input.","rewrite","",""
"A25","Medium","user","default (every run)","Osprey.Tasks/PerFileScoringTask.cs","963","LogInfo","--task runs"," --task PerFileScoring: Stage 1-4 complete. {0} entries scored across {1} file(s). Per-file `.scores.parquet` written next to each input mzML. Skipping FDR and blib output.","entry/entries; Stage N; byproduct/interned/parquet","Stage numbers are not documented anywhere the operator sees."," --task PerFileScoring complete: 1,448,698 candidates scored across 3 files; intermediate .scores.parquet written beside each input. FDR and .blib output are left to the next task.","rewrite","",""
"A31","Medium","user","default (every run)","Osprey/Program.cs","266","LogInfo","startup, when an input mzML is absent","{0} of {1} input(s) are absent and have no spectra cache; reading those from their scores parquet, which is what a task after Stage 4 needs.","Stage N; byproduct/interned/parquet; code identifier","New in #4646, replacing --input-scores. 'Stage 4' is internal numbering; 'scores parquet' names the file format rather than what it holds.","{0} of {1} input file(s) are not present; using the intermediate scores file written beside each one.","rewrite","",""
"A26","Low","user","default (every run)","Osprey.Tasks/FirstPassFdrTask.cs","1294","LogInfo","resume","Resume rehydrate: streaming the first-pass bundle from {0} file(s) (one file's pre-compaction pool resident at a time).","compaction; hydrate; bundle/envelope; resident","'rehydrate', 'bundle', 'pre-compaction pool resident'.","Resuming: reloading first-pass intermediate files for N files.","rewrite","",""
"A26","Low","user","--model-diagnostics","Osprey.Tasks/FirstPassFdrTask.cs","3094","LogInfo","resume","Resume: all {0} sidecars and the experiment sidecar are current - skipping the score passes, protein FDR and model diagnostics, and entering at the compaction gate.","sidecar; compaction","'compaction gate'.","Resuming: first-pass intermediate files for all N files are up to date; skipping first-pass scoring and protein FDR.","rewrite","",""
"A26","Low","user","default (every run)","Osprey.Tasks/PerFileRescoreTask.cs","419","LogInfo","resume","Rescore resume: {0} of {1} run(s) already carry a current 2nd-pass sidecar; re-scoring the remaining {2}.","sidecar","Already close; 'sidecar'.","Resuming: N of M runs already have second-pass intermediate files; re-scoring the remaining K.","rewrite","",""
"A27","Low","user","default (every run)","Osprey.Tasks/Pass2FdrSidecar.cs","96","LogInfo","only with OSPREY_PASS2_QVALUE=transfer","OSPREY_PASS2_QVALUE={0}: pass-2 carries the pass-1 q through and re-maps ONLY the per-run q of reconciliation-moved peaks (frozen 1st-pass model + each file's own score->run-q table); experiment q is frozen by the best-peak anchor, no retrain.","frozen; OSPREY_* env var","Opt-in via env var, so naming it is right; the sentence is a design rationale.","Second-pass FDR (transfer mode): first-pass q-values are kept; only peaks moved by cross-run reconciliation get a new run-level q-value.","rewrite","",""
"A27","Low","user","default (every run)","Osprey.Tasks/Pass2FdrSidecar.cs","2967","LogInfo","only with OSPREY_PASS2_QVALUE=transfer","OSPREY_PASS2_QVALUE=transfer: per-run q transfer over {0} file(s) -- {1} unchanged (pass-1 q carried), {2} moved (run q re-mapped, experiment q carried), {3} gap-fill (new run q + carried experiment q){4}{5}.; {0} file(s) had no readable 1st-pass sidecar; {0} entr(y/ies) skipped for missing features","sidecar; use_cwt/forced/gap-fill/actions; OSPREY_* env var","Opt-in via env var, so naming it is right; the sentence is a design rationale.","Second-pass FDR (transfer mode): first-pass q-values are kept; only peaks moved by cross-run reconciliation get a new run-level q-value.","rewrite","",""
"A28","Low","user","default (every run)","Osprey.Tasks/FirstPassFdrTask.cs","311","LogInfo","--task ModelDiagnostics"," --task ModelDiagnostics: folding the first pass from {0} run(s), one run resident at a time (no rescore bundle, no survivor pool).","survivor/retained set; fold (verb); bundle/envelope; resident","Seven variants of 'the report is being built from saved results' in different words ('product', 'folding', 'artifacts')."," --task ModelDiagnostics: building the report from the completed analysis. Nothing is re-run and no other output changes.","rewrite (one wording)","",""
"A28","Low","user","default (every run)","Osprey.Tasks/FirstPassFdrTask.cs","362","LogInfo","--task ModelDiagnostics","FirstPassFDR: not folding diagnostics from completed work - {0} is {1}, so the first pass is re-run.present but not current for this analysismissing","fold (verb)","Seven variants of 'the report is being built from saved results' in different words ('product', 'folding', 'artifacts')."," --task ModelDiagnostics: building the report from the completed analysis. Nothing is re-run and no other output changes.","rewrite (one wording)","",""
"A28","Low","user","default (every run)","Osprey.Tasks/FirstPassFdrTask.cs","481","LogInfo","--task ModelDiagnostics","FirstPassFDR: every output but the model-diagnostics product is current; folding the report from the completed first pass.","fold (verb)","Seven variants of 'the report is being built from saved results' in different words ('product', 'folding', 'artifacts')."," --task ModelDiagnostics: building the report from the completed analysis. Nothing is re-run and no other output changes.","rewrite (one wording)","",""
"A28","Low","user","default (every run)","Osprey.Tasks/SecondPassFdrTask.cs","324","LogInfo","--task ModelDiagnostics","SecondPassFDR: every output but the model-diagnostics product is current; folding the pass-2 report from the completed second pass.","fold (verb)","Seven variants of 'the report is being built from saved results' in different words ('product', 'folding', 'artifacts')."," --task ModelDiagnostics: building the report from the completed analysis. Nothing is re-run and no other output changes.","rewrite (one wording)","",""
"A28","Low","user","default (every run)","Osprey.Tasks/SecondPassFdrTask.cs","640","LogInfo","--task ModelDiagnostics","SecondPassFDR: not folding diagnostics from completed work - {0} is {1}, so the second pass is re-run.present but not current for this analysismissing","fold (verb)","Seven variants of 'the report is being built from saved results' in different words ('product', 'folding', 'artifacts')."," --task ModelDiagnostics: building the report from the completed analysis. Nothing is re-run and no other output changes.","rewrite (one wording)","",""
"A28","Low","user","default (every run)","Osprey.Tasks/SecondPassFdrTask.cs","746","LogInfo","--task ModelDiagnostics","SecondPassFDR: folding the second pass from {0} run(s), one run resident at a time (no second-pass FDR, no protein FDR, no blib).","fold (verb); resident","Seven variants of 'the report is being built from saved results' in different words ('product', 'folding', 'artifacts')."," --task ModelDiagnostics: building the report from the completed analysis. Nothing is re-run and no other output changes.","rewrite (one wording)","",""
"A28","Low","user","default (every run)","Osprey/Program.cs","454","LogInfo","--task ModelDiagnostics","{this}analysis; folding it from the completed artifacts. No analysis is re-run - each pass produces its own report from its own sidecars, and every other output is left as it stands.","sidecar; fold (verb)","Seven variants of 'the report is being built from saved results' in different words ('product', 'folding', 'artifacts')."," --task ModelDiagnostics: building the report from the completed analysis. Nothing is re-run and no other output changes.","rewrite (one wording)","",""
"A29","Low","user","default (every run)","Osprey.Tasks/SecondPassFdrTask.cs","1187","LogInfo","once per run, conditional","{0} peptides had no charge state passing precursor-level FDR; best charge state kept as fallback","","'fallback' makes a deliberate rule sound like an error.","N peptides passed peptide-level FDR with no single charge state passing precursor FDR; their best charge state is reported.","rewrite","",""
"A30","Low","user","default (every run)","Osprey.Tasks/PerFileScoringTask.cs","2600","LogInfo","per file","Loaded {0} MS1 and {1} MS/MS spectra with {2} unique isolation windows{3} ({0} had unsorted peaks, re-sorted; use --verbose for detail)","","Same event, two nouns (peaks / centroids).","(pick one noun)","keep; align wording","",""
"A30","Low","user","default (every run)","Osprey.Tasks/SpectraCacheTask.cs","107","LogWarning","per file","[WARN] {0}: {1} spectra had unsorted centroids (sorted before caching).","","Same event, two nouns (peaks / centroids).","(pick one noun)","keep; align wording","",""
"A31","Low","user","default (every run)","Osprey/Program.cs","251","LogError","startup error","[ERROR] Input file not found, and it has neither a spectra cache nor a scores parquet to stand in for it: {0}","byproduct/interned/parquet","New in #4646. 'scores parquet' names the file format.","[ERROR] Input file not found, and no intermediate file exists to stand in for it: {0}","rewrite","",""
"B1","Dev leak","developer (leaks into default log)","default (every run)","Osprey.Tasks/FirstPassFdrTask.cs","837","LogInfo","HPC legs","Bundle hydration: skipping first-pass Percolator (sidecar provides q-values).","sidecar; hydrate","Bundle/envelope vocabulary; code-path note.","(none)","gate behind --verbose","",""
"B1","Dev leak","developer (leaks into default log)","default (every run)","Osprey.Tasks/FirstPassFdrTask.cs","1110","LogInfo","HPC legs","Read gap-fill and refined calibrations from {0} run envelope(s) in {1:F1}s","bundle/envelope; use_cwt/forced/gap-fill/actions","Bundle/envelope vocabulary; code-path note.","(none)","gate behind --verbose","",""
"C1","Warning for dev","user (warning/error)","default (every run)","Osprey.Tasks/SecondPassFdrTask.cs","676","LogWarning","conditional","[WARN] Stage 7 is taking the RESIDENT join: every run's survivors are rebuilt at once and held for the whole stage, which is O(files) (issue #4486). Measured cost is ~4.4 GB plus ~0.197 GB per file, so {0} file(s) needs ~{1:F0} GB.","Stage N; worker/fan-out/join; O(...) / issue #","Issue number, big-O and measured constants in a user warning.","[WARN] Second-pass FDR will hold all {0} runs in memory at once (about {1:F0} GB). For large cohorts, run the second pass as --task SecondPassFDR to stream one run at a time.","rewrite","",""
"C10","Warning for dev","user (warning/error)","default (every run)","Osprey.Tasks/FirstPassFdrTask.cs","655","LogError","--task error","[ERROR] --task FirstPassFDR: {0}/{1} 1st-pass fdr_scores.bin sidecar writes failed; boundary file pair is incomplete. See warnings above.","sidecar; code identifier","'boundary file pair'.","[ERROR] --task FirstPassFDR: {0} of {1} first-pass intermediate files could not be written, so the next task cannot run. See the warnings above for each file.","rewrite","",""
"C10","Warning for dev","user (warning/error)","default (every run)","Osprey.Tasks/FirstPassFdrTask.cs","1993","LogError","--task error","[ERROR] --task FirstPassFDR: {0}/{1} reconciliation.json writes failed; boundary file pair is incomplete. See warnings above.","code identifier","'boundary file pair'.","[ERROR] --task FirstPassFDR: {0} of {1} first-pass intermediate files could not be written, so the next task cannot run. See the warnings above for each file.","rewrite","",""
"C10","Warning for dev","user (warning/error)","default (every run)","Osprey.Tasks/FirstPassFdrTask.cs","3362","LogError","--task error","[ERROR] --task FirstPassFDR: {0}/{1} 1st-pass fdr_scores.bin sidecar writes failed; boundary file pair is incomplete. See warnings above.","sidecar","'boundary file pair'.","[ERROR] --task FirstPassFDR: {0} of {1} first-pass intermediate files could not be written, so the next task cannot run. See the warnings above for each file.","rewrite","",""
"C11","Warning for dev","user (warning/error)","default (every run)","Osprey/Program.cs","336","LogError","only with an unrecognized OSPREY_PASS2_QVALUE","[ERROR] OSPREY_PASS2_QVALUE is not a recognized mode. Recognized: '{0}', '{1}'. Unset it for the default ('{1}'). 'percolator' was REMOVED: it retrained the 2nd-pass SVM on a compaction-depleted decoy pool, which reports anti-conservative q-values. 'transfer-compete' was REMOVED for a related reason: it selected survivors by TARGET per-run q and admitted decoys only by pairing, stripping decoys that won the 1st-pass competition, so its q improved with no added evidence - 1.96% true FDP at a nominal 1% on 82-file SEA-AD, against 1.53% for the default, and with FEWER ids.","compaction; competition; OSPREY_* env var","Removal history and SEA-AD FDP numbers in an error message.","[ERROR] OSPREY_PASS2_QVALUE='{2}' is not recognized. Use '{0}' or '{1}', or unset it for the default ('{1}').","rewrite; history to docs/12-second-pass-fdr.md","",""
"C11","Warning for dev","user (warning/error)","default (every run)","Osprey/Program.cs","366","LogWarning","only with an unrecognized token","[WARN] OSPREY_ALLOW_UNFIXED_RESIDENT contains unrecognized token(s) that grant nothing: {0}. Recognized: {1}. ('hpc-merge' was retired - the --task SecondPassFDR reconciled-input load streams and needs no allowance.) Any recognized token in the same value is still honored.,","OSPREY_* env var","Retirement history in a warning.","[WARN] OSPREY_ALLOW_UNFIXED_RESIDENT contains unrecognized token(s): {0}. Recognized: {1}.","rewrite","",""
"C12","Warning for dev","user (warning/error)","default (every run)","Osprey.IO/CarafeProteinIdNormalizer.cs","178","LogWarning","conditional (Carafe libraries)","[WARN] Spectral library protein accessions carry Carafe's per-peptide '_pepNNNNN' suffix: {0:N0} distinct accessions on {1:N0} entries collapse to {2:N0} real proteins (e.g. '{3}' -> '{4}'). Stripping it - left in place every peptide is its own protein, which breaks protein parsimony and picked-protein FDR, and leaves OSPREY_PASS2_QVALUE=protein-compact with an empty stratum because no protein can reach 2 detected peptides.","entry/entries; compaction; stratum; OSPREY_* env var","Mentions OSPREY_PASS2_QVALUE and 'stratum' in a library-format warning.","[WARN] Library protein accessions carry Carafe's per-peptide '_pepNNNNN' suffix (e.g. '{3}'); stripping it so that {0:N0} accessions map to {2:N0} proteins. Without this, every peptide would count as its own protein.","rewrite","",""
"C2","Warning for dev","user (warning/error)","default (every run)","Osprey.Tasks/PerFileRescoreTask.cs","2102","LogWarning","conditional","[WARN] Second-pass join: a consumer asked for the whole-run survivor pool, so all {0} run(s) are being materialized at once. This is the O(runs x entries) peak the per-run fold exists to avoid.","entry/entries; survivor/retained set; fold (verb); worker/fan-out/join; O(...) / issue #","Developer assertion.","(none)","gate behind --verbose or Debug.Assert","",""
"C3","Warning for dev","user (warning/error)","default (every run)","Osprey.Tasks/PerFileScoringTask.cs","1674","LogWarning","conditional","[WARN] {0} requires the RESIDENT pre-compaction first-pass pool: every --input-scores file's full stub list is held in memory at once, so memory here grows O(files) and can exhaust RAM at large file counts. The bounded per-file streaming hydrate cannot serve that consumer.","compaction; hydrate; stubs; O(...) / issue #","'RESIDENT pre-compaction first-pass pool', 'stub list', O(files).","[WARN] {0} needs every file's first-pass candidates in memory at once; memory grows with file count and may exhaust RAM on large cohorts.","rewrite","",""
"C4","Warning for dev","user (warning/error)","default (every run)","Osprey.Tasks/FirstPassFdrTask.cs","1002","LogError","resume error","[ERROR] Resume rehydrate: the first-pass compaction published no retained base_id set for {0} joined file(s), so the Stage 6 survivor handoff cannot be streamed. RescoreCompaction.Apply must run whenever any file is joined.","compaction; survivor/retained set; base_id; hydrate; Stage N; code identifier","Method name and internal remedy in an error.","[ERROR] Cannot resume: the first-pass intermediate files for {0} file(s) are missing the list of precursors kept for reconciliation. Delete the .1st-pass.* files beside those inputs and re-run.","rewrite; move the method-name sentence to a code comment","",""
"C5","Warning for dev","user (warning/error)","default (every run)","Osprey.Tasks/Pass2FdrSidecar.cs","167","LogWarning","--task runs","[WARN] --task SecondPassFDR: {0} perFileEntries key(s) have no matching config.InputFiles entry and will be skipped: [{1}]. This usually indicates an input-file rename or path drift between Stage 5 and Stage 7; the skipped files will not get a 2nd-pass sidecar.,","sidecar; entry/entries; Stage N; code identifier","Variable names (perFileEntries, config.InputFiles) and stage numbers.","[WARN] --task SecondPassFDR: {0} file(s) from the first pass are not among this run's inputs and will be skipped: [{1}]. This usually means an input was renamed or moved between the first-pass and second-pass tasks.","rewrite","",""
"C5","Warning for dev","user (warning/error)","default (every run)","Osprey.Tasks/Pass2FdrSidecar.cs","333","LogWarning","--task runs","[WARN] 2nd-pass sidecar write: {0} perFileEntries key(s) have no matching config.InputFiles entry and will be skipped: [{1}].,","sidecar; entry/entries; code identifier","Variable names (perFileEntries, config.InputFiles) and stage numbers.","[WARN] --task SecondPassFDR: {0} file(s) from the first pass are not among this run's inputs and will be skipped: [{1}]. This usually means an input was renamed or moved between the first-pass and second-pass tasks.","rewrite","",""
"C6","Warning for dev","user (warning/error)","default (every run)","Osprey.Tasks/Pass2FdrSidecar.cs","2419","LogWarning","conditional","[WARN] Second-pass FDR: file '{0}' reconciled parquet has {1} feature rows but {2} FDR entries reference it; {3} entries will run with stale/null features. Stub/parquet mismatch - check reconciled-parquet output integrity.","entry/entries; byproduct/interned/parquet","'Stub/parquet mismatch - check reconciled-parquet output integrity' is a note to a developer.","[WARN] Second-pass FDR: the re-scored intermediate file for '{0}' does not match its first-pass intermediate file ({1} rows vs {2} expected); {3} candidates will be scored without features. Delete '{0}.scores-reconciled.parquet' and re-run the rescore.","rewrite","",""
"C7","Warning for dev","user (warning/error)","default (every run)","Osprey.Tasks/Pass2FdrSidecar.cs","1307","LogWarning","conditional","[WARN] 1st-pass Score/Pep/ExperimentAggregateScore could not be restored for {0} file(s) (no readable 1st-pass sidecar): [{1}]. Peaks Stage 6 changed in those files keep reset defaults, so their 2nd-pass sidecars are wrong AND a Score of 0 enters the second-pass protein FDR null unfiltered. Treat this run's protein-level numbers as unreliable.,","sidecar; Stage N; code identifier","Property names and mechanism; the last sentence is exactly right for a user.","[WARN] First-pass scores could not be read for {0} file(s): [{1}]. Treat this run's protein-level results as unreliable; delete the .1st-pass.fdr_scores.bin files beside those inputs and re-run.","rewrite","",""
"C7","Warning for dev","user (warning/error)","default (every run)","Osprey.Tasks/Pass2PerFileWorker.cs","356","LogWarning","conditional","[WARN] 1st-pass Score/Pep/ExperimentAggregateScore could not be restored for {0} file(s) (no readable 1st-pass sidecar): [{1}]. Peaks Stage 6 changed in those files keep reset defaults, so their 2nd-pass sidecars are wrong AND a Score of 0 enters the second-pass protein FDR null unfiltered. Treat this run's protein-level numbers as unreliable.,","sidecar; Stage N; code identifier","Property names and mechanism; the last sentence is exactly right for a user.","[WARN] First-pass scores could not be read for {0} file(s): [{1}]. Treat this run's protein-level results as unreliable; delete the .1st-pass.fdr_scores.bin files beside those inputs and re-run.","rewrite","",""
"C8","Warning for dev","user (warning/error)","default (every run)","Osprey.Tasks/Pass2FdrSidecar.cs","1528","LogWarning","conditional","[WARN] Could not patch the second-pass protein q-value into the 2nd-pass FDR sidecar for {0} file(s): [{1}]. Those files carry no pass-2 protein q-value: each record keeps what it held when the sidecar was written, which is the reset default for every entry Stage 6 rescored or gap-filled and a pass-1 value only for entries Stage 6 left alone. Any consumer joining on that column is reading the wrong pass.,","sidecar; entry/entries; Stage N","Explains the internal record state; the user needs only the consequence.","[WARN] Protein q-values could not be written for {0} file(s): [{1}]. The second-pass intermediate files for those files carry no valid protein q-value.","rewrite","",""
"C9","Warning for dev","user (warning/error)","default (every run)","Osprey.Tasks/PerFileRescoreTask.cs","1055","LogWarning","conditional","[WARN] {the}per-file half stays in SecondPassFDR for this run.","sidecar; competition","Work-placement decision with no effect on results.","(none)","gate behind --verbose","",""
"C9","Warning for dev","user (warning/error)","default (every run)","Osprey.Tasks/PerFileRescoreTask.cs","1063","LogWarning","conditional","[WARN] {usable}model/standardizer, so the per-file half stays in SecondPassFDR for this run.","frozen; competition; code identifier","Work-placement decision with no effect on results.","(none)","gate behind --verbose","",""
"","Review","user","default (every run)","Osprey.Core/FileParallelism.cs","155","logDelegate","","File parallelism: 1 (OSPREY_MAX_PARALLEL_FILES=1)","OSPREY_* env var","Flagged terms: OSPREY_* env var"," ","apply glossary renames","",""
"","Review","user","default (every run)","Osprey.Core/FileParallelism.cs","161","logDelegate","","File parallelism: {0} (OSPREY_MAX_PARALLEL_FILES={1} back-compat cap, {2} files)","OSPREY_* env var","Flagged terms: OSPREY_* env var"," ","apply glossary renames","",""
"","Review","user","default (every run)","Osprey.FDR/PercolatorEngine.cs","280","LogInfo","","Running {0} Percolator on {1} entries...","entry/entries","Flagged terms: entry/entries"," ","apply glossary renames","",""
"","Review","user","default (every run)","Osprey.FDR/PercolatorEngine.cs","423","LogInfo","","Running {0} Percolator on {1} entries...","entry/entries","Flagged terms: entry/entries"," ","apply glossary renames","",""
"","Review","user","default (every run)","Osprey.FDR/PercolatorEngine.cs","607","LogInfo","","{0}: applying FROZEN 1st-pass model to all {1} entries (no retrain) + target-decoy competition for q/PEP.","entry/entries; competition","Flagged terms: entry/entries; competition"," ","apply glossary renames","",""
"","Review","user","default (every run)","Osprey.FDR/PercolatorEngine.cs","855","LogInfo","","Selecting training subset from {0} scored entries...","entry/entries","Flagged terms: entry/entries"," ","apply glossary renames","",""
"","Review","user","default (every run)","Osprey.FDR/PercolatorScorer.cs","340","ProgressReporter","","Scoring {0} entries...","entry/entries","Flagged terms: entry/entries"," ","apply glossary renames","",""
"","Review","user","default (every run)","Osprey.FDR/PercolatorScorer.cs","689","LogInfo","","[TRAIN] OSPREY_TRAIN_PICK_RUN=0: each precursor's training row is its BEST observation across runs, not a uniform sample of them (pre-26.1 behaviour)","OSPREY_* env var","Flagged terms: OSPREY_* env var"," ","apply glossary renames","",""
"","Review","user","default (every run)","Osprey.FDR/PercolatorScorer.cs","969","LogInfo","","Running {0} Percolator on {1} entries...","entry/entries","Flagged terms: entry/entries"," ","apply glossary renames","",""
"","Review","user","default (every run)","Osprey.FDR/PercolatorScorer.cs","973","ProgressReporter","","Scoring {0} entries...","entry/entries","Flagged terms: entry/entries"," ","apply glossary renames","",""
"","Review","user","default (every run)","Osprey.FDR/PercolatorScorer.cs","1056","ProgressReporter","","Assigning q-values to {0} entries...","entry/entries","Flagged terms: entry/entries"," ","apply glossary renames","",""
"","Review","user","default (every run)","Osprey.FDR/PercolatorTrainer.cs","560","OutWriteLine","","( {0}-fold cross-validation on {1} training entries ({2} targets), config.NFolds, subN, subTargets)","entry/entries","Flagged terms: entry/entries"," ","apply glossary renames","",""
"","Review","user","default (every run)","Osprey.FDR/PercolatorTrainer.cs","622","OutWriteLine","","( SVM regularization C (swept over {0}, chosen by cross-validation per fold):, FormatCGrid(config.CValues))","fold (verb)","Flagged terms: fold (verb)"," ","apply glossary renames","",""
"","Review","user","default (every run)","Osprey.FDR/PercolatorTrainer.cs","626","OutWriteLine","","( fold {0}/{1}: C = {2}, fold + 1, config.NFolds, FormatC(foldBestC[fold]))","fold (verb)","Flagged terms: fold (verb)"," ","apply glossary renames","",""
"","Review","user","default (every run)","Osprey.FDR/Reconciliation/ReconciliationPlanner.cs","131","ProgressReporter","","Planning reconciliation across {0} file(s)...","code identifier","Flagged terms: code identifier"," ","apply glossary renames","",""
"","Review","user","default (every run)","Osprey.IO/DiannTsvLoader.cs","141","ProgressReporter","","Building library entries...","entry/entries","Flagged terms: entry/entries"," ","apply glossary renames","",""
"","Review","user","default (every run)","Osprey.IO/LibraryCache.cs","90","ProgressReporter","","Writing library cache...","entry/entries","Flagged terms: entry/entries"," ","apply glossary renames","",""
"","Review","user","default (every run)","Osprey.IO/LibraryCache.cs","259","ProgressReporter","","Loading library cache ({0} entries)...","entry/entries","Flagged terms: entry/entries"," ","apply glossary renames","",""
"","Review","user","default (every run)","Osprey.IO/LibraryDeduplicator.cs","53","ProgressReporter","","Deduplicating library entries...","entry/entries","Flagged terms: entry/entries"," ","apply glossary renames","",""
"","Review","user","default (every run)","Osprey.IO/LibraryLoader.cs","114","LogInfo","","Loaded {0} library entries from cache '{1}'","entry/entries","Flagged terms: entry/entries"," ","apply glossary renames","",""
"","Review","user","default (every run)","Osprey.IO/LibraryLoader.cs","174","LogInfo","","Loaded {0} library entries","entry/entries","Flagged terms: entry/entries"," ","apply glossary renames","",""
"","Review","user","default (every run)","Osprey.IO/LibraryLoader.cs","193","LogInfo","","Saved library cache ({0} entries) to '{1}'","entry/entries","Flagged terms: entry/entries"," ","apply glossary renames","",""
"","Review","user","default (every run)","Osprey.IO/ParquetScoreCache.cs","728","ProgressReporter","","Writing {0} entries...","entry/entries","Flagged terms: entry/entries"," ","apply glossary renames","",""
"","Review","user","default (every run)","Osprey.IO/ParquetScoreCache.cs","1561","ProgressReporter","","Writing {0} entries...","entry/entries","Flagged terms: entry/entries"," ","apply glossary renames","",""
"","Review","user","default (every run)","Osprey.IO/ParquetScoreCache.cs","1687","LogWarning","","[WARN] Stage 6 write-back: ParquetIndex {0} out of range for {1} ({2} rows)","Stage N; code identifier","Flagged terms: Stage N; code identifier"," ","apply glossary renames","",""
"","Review","user","default (every run)","Osprey.Scoring/ScoringPipeline.cs","557","LogInfo","","Deduplicated: {0} -> {1} entries ({2} removed)","entry/entries","Flagged terms: entry/entries"," ","apply glossary renames","",""
"","Review","user","default (every run)","Osprey.Tasks/Calibrator.cs","404","LogWarning","","[WARN] (No target entries available for calibration sampling.)","entry/entries","Flagged terms: entry/entries"," ","apply glossary renames","",""
"","Review","user","default (every run)","Osprey.Tasks/FirstPassFdrTask.cs","279","LogError","","[ERROR] --task ModelDiagnostics: no scores parquet path published for {0}","byproduct/interned/parquet","Flagged terms: byproduct/interned/parquet"," ","apply glossary renames","",""
"","Review","user","default (every run)","Osprey.Tasks/FirstPassFdrTask.cs","1015","LogError","","[ERROR] Resume rehydrate: no scores parquet path published for {0}, so its first-pass survivors cannot be rebuilt for the Stage 6 rescore.","hydrate; Stage N; byproduct/interned/parquet","Flagged terms: hydrate; Stage N; byproduct/interned/parquet"," ","apply glossary renames","",""
"","Review","user","default (every run)","Osprey.Tasks/FirstPassFdrTask.cs","1183","LogError","","[ERROR] Resume rehydrate: no scores parquet path published for {0}","hydrate; byproduct/interned/parquet","Flagged terms: hydrate; byproduct/interned/parquet"," ","apply glossary renames","",""
"","Review","user","default (every run)","Osprey.Tasks/FirstPassFdrTask.cs","1219","LogError","","[ERROR] Resume rehydrate: failed to hydrate reconciliation bundle from own sidecars: {0}","sidecar; hydrate; bundle/envelope","Flagged terms: sidecar; hydrate; bundle/envelope"," ","apply glossary renames","",""
"","Review","user","default (every run)","Osprey.Tasks/FirstPassFdrTask.cs","1840","ProgressReporter","","Compacting {0} file(s) to the first-pass retained set...","survivor/retained set; code identifier","Flagged terms: survivor/retained set; code identifier"," ","apply glossary renames","",""
"","Review","user","default (every run)","Osprey.Tasks/FirstPassFdrTask.cs","2087","LogWarning","","[WARN] No sidecar base path for `{0}` — skipping fdr_scores.bin write","sidecar","Flagged terms: sidecar"," ","apply glossary renames","",""
"","Review","user","default (every run)","Osprey.Tasks/FirstPassFdrTask.cs","2142","LogWarning","","[WARN] {skipping}fdr_experiment.bin write. Stage 6 compaction will not find the protein q-values it rescues on.","sidecar; compaction; Stage N","Flagged terms: sidecar; compaction; Stage N"," ","apply glossary renames","",""
"","Review","user","default (every run)","Osprey.Tasks/FirstPassFdrTask.cs","2248","LogWarning","","[WARN] No sidecar base path for `{0}` - skipping reconciliation.json write","sidecar","Flagged terms: sidecar"," ","apply glossary renames","",""
"","Review","user","default (every run)","Osprey.Tasks/FirstPassFdrTask.cs","2340","LogError","","[ERROR] Failed to write the analysis-wide retained base_id summary {0}: {1}. --task PerFileRescoring reads this file to compact each run without re-reading every run's reconciliation.json.","compaction; survivor/retained set; base_id","Flagged terms: compaction; survivor/retained set; base_id"," ","apply glossary renames","",""
"","Review","user","default (every run)","Osprey.Tasks/FirstPassFdrTask.cs","2817","LogWarning","","[WARN] Could not persist the protein-compact stratum for '{kvp.Key}': {ex.Message}","compaction; stratum","Flagged terms: compaction; stratum"," ","apply glossary renames","",""
"","Review","user","default (every run)","Osprey.Tasks/FirstPassFdrTask.cs","2896","LogWarning","","[WARN] No sidecar base path for `{0}` — skipping fdr_scores.bin write","sidecar","Flagged terms: sidecar"," ","apply glossary renames","",""
"","Review","user","default (every run)","Osprey.Tasks/FirstPassFdrTask.cs","3018","LogInfo","","Resume: {0} of {1} file(s) already carry a current 1st-pass sidecar and will not be re-scored ({2} to score).","sidecar","Flagged terms: sidecar"," ","apply glossary renames","",""
"","Review","user","default (every run)","Osprey.Tasks/FirstPassFdrTask.cs","3072","LogInfo","","Resume: every sidecar is current but the compaction-gate entry was refused ({0}); the score passes will run.;","sidecar; entry/entries; compaction","Flagged terms: sidecar; entry/entries; compaction"," ","apply glossary renames","",""
"","Review","user","default (every run)","Osprey.Tasks/FirstPassFdrTask.cs","3112","LogInfo","","Resume: reloaded the persisted protein-compact stratum ({0} base ids).","compaction; base_id; stratum","Flagged terms: compaction; base_id; stratum"," ","apply glossary renames","",""
"","Review","user","default (every run)","Osprey.Tasks/FirstPassFdrTask.cs","3441","LogWarning","","[WARN] Could not persist 1st-pass model sidecar for '{kvp.Key}': {ex.Message}","sidecar","Flagged terms: sidecar"," ","apply glossary renames","",""
"","Review","user","default (every run)","Osprey.Tasks/FirstPassFdrTask.cs","3710","LogError","","[ERROR] First-pass protein FDR: no scores parquet path for {0}","byproduct/interned/parquet","Flagged terms: byproduct/interned/parquet"," ","apply glossary renames","",""
"","Review","user","default (every run)","Osprey.Tasks/FirstPassFdrTask.cs","3718","LogError","","[ERROR] First-pass protein FDR: no sidecar base path for {0}","sidecar","Flagged terms: sidecar"," ","apply glossary renames","",""
"","Review","user","default (every run)","Osprey.Tasks/FirstPassFdrTask.cs","3818","LogError","","[ERROR] First-pass compaction: no sidecar base path for {0}","sidecar; compaction","Flagged terms: sidecar; compaction"," ","apply glossary renames","",""
"","Review","user","default (every run)","Osprey.Tasks/FirstPassFdrTask.cs","3851","LogError","","[ERROR] First-pass compaction: failed to read .1st-pass.fdr_scores.bin for {0} (expected at {1})","compaction","Flagged terms: compaction"," ","apply glossary renames","",""
"","Review","user","default (every run)","Osprey.Tasks/FirstPassFdrTask.cs","3881","LogError","","[ERROR] First-pass compaction: no output blib, so no experiment-scope FDR sidecar to read the protein-rescue q-values from.","sidecar; compaction","Flagged terms: sidecar; compaction"," ","apply glossary renames","",""
"","Review","user","default (every run)","Osprey.Tasks/FirstPassFdrTask.cs","3890","LogError","","[ERROR] First-pass compaction: failed to read the experiment-scope FDR sidecar (expected at {0})","sidecar; compaction","Flagged terms: sidecar; compaction"," ","apply glossary renames","",""
"","Review","user","default (every run)","Osprey.Tasks/Pass2FdrSidecar.cs","632","LogWarning","","[WARN] Failed to reload 2nd-pass FDR sidecar for {0} ({1}); protein FDR will use stale 1st-pass q-values","sidecar","Flagged terms: sidecar"," ","apply glossary renames","",""
"","Review","user","default (every run)","Osprey.Tasks/Pass2FdrSidecar.cs","936","LogWarning","","[WARN] Second-pass competition disagreement on '{0}': wrote this pass's recomputed answer to {1} for diffing against the worker's sidecar at {2}.","sidecar; competition; worker/fan-out/join","Flagged terms: sidecar; competition; worker/fan-out/join"," ","apply glossary renames","",""
"","Review","user","default (every run)","Osprey.Tasks/Pass2FdrSidecar.cs","943","LogWarning","","[WARN] Second-pass competition disagreement on '{0}': could not write the recomputed answer to {1} for diffing: {2}","competition","Flagged terms: competition"," ","apply glossary renames","",""
"","Review","user","default (every run)","Osprey.Tasks/Pass2FdrSidecar.cs","1507","LogWarning","","[WARN] Could not read the reconciled parquet scalars for {0}: {1}","scalars; byproduct/interned/parquet","Flagged terms: scalars; byproduct/interned/parquet"," ","apply glossary renames","",""
"","Review","user","default (every run)","Osprey.Tasks/Pass2FdrSidecar.cs","1547","LogWarning","","[WARN] {so}this run's experiment q-values are not persisted.","sidecar","Flagged terms: sidecar"," ","apply glossary renames","",""
"","Review","user","default (every run)","Osprey.Tasks/Pass2FdrSidecar.cs","1695","LogWarning","","[WARN] {mode}: frozen 1st-pass model has no usable model/standardizer.","frozen; code identifier","Flagged terms: frozen; code identifier"," ","apply glossary renames","",""
"","Review","user","default (every run)","Osprey.Tasks/Pass2FdrSidecar.cs","1800","LogWarning","","[WARN] {mode}: no parquet path for '{fileName}'; cannot locate its 1st-pass scalar sidecar.","sidecar; scalars; byproduct/interned/parquet","Flagged terms: sidecar; scalars; byproduct/interned/parquet"," ","apply glossary renames","",""
"","Review","user","default (every run)","Osprey.Tasks/Pass2FdrSidecar.cs","1831","LogWarning","","[WARN] {mode}: 1st-pass scalar sidecar not found: {sidecarPath}","sidecar; scalars","Flagged terms: sidecar; scalars"," ","apply glossary renames","",""
"","Review","user","default (every run)","Osprey.Tasks/Pass2FdrSidecar.cs","1843","LogWarning","","[WARN] {mode}: 1st-pass scalar sidecar is not a readable v{FdrScoresSidecar.FormatVersion} first-pass file: {sidecarPath}","sidecar; scalars","Flagged terms: sidecar; scalars"," ","apply glossary renames","",""
"","Review","user","default (every run)","Osprey.Tasks/Pass2FdrSidecar.cs","1858","LogWarning","","[WARN] {mode}: no input file matches '{fileName}'; its 2nd-pass FDR sidecar cannot be written.","sidecar","Flagged terms: sidecar"," ","apply glossary renames","",""
"","Review","user","default (every run)","Osprey.Tasks/Pass2FdrSidecar.cs","2266","LogInfo","","{0}: mapped recomputed q onto {1} reported survivors ({2} frozen-model scores swapped in) in {3:F1}s.","frozen","Flagged terms: frozen"," ","apply glossary renames","",""
"","Review","user","default (every run)","Osprey.Tasks/Pass2FdrSidecar.cs","2371","ProgressReporter","","Reloading reconciled features from {0} file(s)...","code identifier","Flagged terms: code identifier"," ","apply glossary renames","",""
"","Review","user","default (every run)","Osprey.Tasks/Pass2FdrSidecar.cs","2385","LogWarning","","[WARN] Second-pass FDR: no parquet path mapped for file '{0}' ({1} entries will run with stale/null features). Check that each file's scores parquet was produced and mapped.","entry/entries; byproduct/interned/parquet","Flagged terms: entry/entries; byproduct/interned/parquet"," ","apply glossary renames","",""
"","Review","user","default (every run)","Osprey.Tasks/Pass2FdrSidecar.cs","2497","LogWarning","","[WARN] Second-pass FDR: {0} is not supported in SecondPassFdrTask; skipping (protein FDR will run on first-pass scores)","code identifier","Flagged terms: code identifier"," ","apply glossary renames","",""
"","Review","user","default (every run)","Osprey.Tasks/Pass2FdrSidecar.cs","2892","LogWarning","","[WARN] {model}or standardizer; cannot transfer.","frozen; OSPREY_* env var; code identifier","Flagged terms: frozen; OSPREY_* env var; code identifier"," ","apply glossary renames","",""
"","Review","user","default (every run)","Osprey.Tasks/Pass2FdrSidecar.cs","2899","LogWarning","","[WARN] {file}1st-pass sidecars; cannot transfer.","sidecar; OSPREY_* env var","Flagged terms: sidecar; OSPREY_* env var"," ","apply glossary renames","",""
"","Review","user","default (every run)","Osprey.Tasks/Pass2FdrSidecar.cs","2939","LogWarning","","[WARN] {is}missing or unreadable; falling back to the 2nd-pass Percolator retrain rather than silently dropping reconciliation-moved peaks.","sidecar; OSPREY_* env var","Flagged terms: sidecar; OSPREY_* env var"," ","apply glossary renames","",""
"","Review","user","default (every run)","Osprey.Tasks/Pass2FdrSidecar.cs","2950","ProgressReporter","","Transferring per-run q-values across {0} file(s)...","code identifier","Flagged terms: code identifier"," ","apply glossary renames","",""
"","Review","user","default (every run)","Osprey.Tasks/Pass2FdrSidecar.cs","3041","LogWarning","","[WARN] OSPREY_PASS2_QVALUE=transfer: could not read the 1st-pass sidecar for '{0}' ({1}); this file's per-run q is left unadjusted.","sidecar; OSPREY_* env var","Flagged terms: sidecar; OSPREY_* env var"," ","apply glossary renames","",""
"","Review","user","default (every run)","Osprey.Tasks/Pass2FdrSidecar.cs","3579","LogWarning","","[WARN] Failed to write 2nd-pass FDR sidecar for {0}: {1}","sidecar","Flagged terms: sidecar"," ","apply glossary renames","",""
"","Review","user","default (every run)","Osprey.Tasks/Pass2FdrSidecar.cs","3592","LogWarning","","[WARN] Failed to write {0} sidecar for {1}: {2}","sidecar","Flagged terms: sidecar"," ","apply glossary renames","",""
"","Review","user","default (every run)","Osprey.Tasks/PerFileRescoreTask.cs","460","LogError","","[ERROR] Rescore resume: {0} of {1} run(s) still need re-scoring, but this process has no plan to do it - FirstPassFDR did not plan here, no worker bundle was supplied, and the per-run hydrate is unavailable. Continuing would write an output silently missing those runs.","hydrate; bundle/envelope; worker/fan-out/join","Flagged terms: hydrate; bundle/envelope; worker/fan-out/join"," ","apply glossary renames","",""
"","Review","user","default (every run)","Osprey.Tasks/PerFileRescoreTask.cs","561","LogInfo","","Reconciliation rescore: {0} entries re-scored ({1} reconciliation actions executed)","entry/entries; use_cwt/forced/gap-fill/actions","Flagged terms: entry/entries; use_cwt/forced/gap-fill/actions"," ","apply glossary renames","",""
"","Review","user","default (every run)","Osprey.Tasks/PerFileRescoreTask.cs","1487","LogInfo","","{0} of {1} existing entries re-scored ({2:F1}s)","entry/entries","Flagged terms: entry/entries"," ","apply glossary renames","",""
"","Review","user","default (every run)","Osprey.Tasks/PerFileRescoreTask.cs","1836","LogWarning","","[WARN] Reconciliation rescore: no input_files entry for {0} (skipping)","entry/entries; code identifier","Flagged terms: entry/entries; code identifier"," ","apply glossary renames","",""
"","Review","user","default (every run)","Osprey.Tasks/PerFileRescoreTask.cs","1844","LogInfo","","{0} entries ({1} consensus, {2} reconciliation, {3} gap-fill, {4} unique after dedup)","entry/entries; use_cwt/forced/gap-fill/actions","Flagged terms: entry/entries; use_cwt/forced/gap-fill/actions"," ","apply glossary renames","",""
"","Review","user","default (every run)","Osprey.Tasks/PerFileRescoreTask.cs","1911","LogWarning","","[WARN] Failed to remove stale reconciled parquet {0} after a failed write: {1}","byproduct/interned/parquet","Flagged terms: byproduct/interned/parquet"," ","apply glossary renames","",""
"","Review","user","default (every run)","Osprey.Tasks/PerFileRescoreTask.cs","2218","LogInfo","","Second-pass join: folding over {0} run(s), each rebuilt from its own artifacts and dropped (no all-runs survivor pool; {1} retained base_id(s) read once). {2} of {0} run(s) carry a current 2nd-pass sidecar and are rebuilt without opening any 1st-pass file.","sidecar; survivor/retained set; base_id; fold (verb); worker/fan-out/join","Flagged terms: sidecar; survivor/retained set; base_id; fold (verb); worker/fan-out/join"," ","apply glossary renames","",""
"","Review","user","default (every run)","Osprey.Tasks/PerFileRescoreTask.cs","2781","LogInfo","","Second-pass join: folding over {0} run(s), each rebuilt from its own artifacts and dropped (no all-runs survivor pool). Decided at Stage 6, where the survivors were released.","survivor/retained set; fold (verb); Stage N; worker/fan-out/join","Flagged terms: survivor/retained set; fold (verb); Stage N; worker/fan-out/join"," ","apply glossary renames","",""
"","Review","user","default (every run)","Osprey.Tasks/PerFileRescoreTask.cs","2979","ProgressReporter","","Rebuilding first-pass survivors from {0} file(s)...","code identifier","Flagged terms: code identifier"," ","apply glossary renames","",""
"","Review","user","default (every run)","Osprey.Tasks/PerFileRescoreTask.cs","3400","LogInfo","","Gap-fill forced: {0} integrated ({1:F1}s)","use_cwt/forced/gap-fill/actions","Flagged terms: use_cwt/forced/gap-fill/actions"," ","apply glossary renames","",""
"","Review","user","default (every run)","Osprey.Tasks/PerFileResumeDriver.cs","86","LogWarning","","[WARN] Failed to write {0} sidecar for {1}: {2}","sidecar","Flagged terms: sidecar"," ","apply glossary renames","",""
"","Review","user","default (every run)","Osprey.Tasks/PerFileScoringTask.cs","323","LogInfo","","Scoring {0} files in parallel:","code identifier","Flagged terms: code identifier"," ","apply glossary renames","",""
"","Review","user","default (every run)","Osprey.Tasks/PerFileScoringTask.cs","325","LogInfo","","{0}. {1}","code identifier","Flagged terms: code identifier"," ","apply glossary renames","",""
"","Review","user","default (every run)","Osprey.Tasks/PerFileScoringTask.cs","417","ProgressReporter","","Loading scored entries from {0} file(s)...","entry/entries","Flagged terms: entry/entries"," ","apply glossary renames","",""
"","Review","user","default (every run)","Osprey.Tasks/PerFileScoringTask.cs","717","ProgressReporter","","Loading scored entries...","entry/entries; code identifier","Flagged terms: entry/entries; code identifier"," ","apply glossary renames","",""
"","Review","user","default (every run)","Osprey.Tasks/PerFileScoringTask.cs","767","LogError","","[ERROR] Resume rehydrate: {0} is missing the PIN feature columns -- it is not a valid Osprey scores parquet. Delete it and re-run so it is regenerated.","hydrate; byproduct/interned/parquet","Flagged terms: hydrate; byproduct/interned/parquet"," ","apply glossary renames","",""
"","Review","user","default (every run)","Osprey.Tasks/PerFileScoringTask.cs","953","LogWarning","","[WARN] No scored entries found. Cannot perform FDR control.","entry/entries","Flagged terms: entry/entries"," ","apply glossary renames","",""
"","Review","user","default (every run)","Osprey.Tasks/PerFileScoringTask.cs","1111","LogInfo","","Full library: {0} entries ({1} targets + {2} decoys)","entry/entries","Flagged terms: entry/entries"," ","apply glossary renames","",""
"","Review","user","default (every run)","Osprey.Tasks/PerFileScoringTask.cs","1216","LogError","","[ERROR] decoys_in_library mode requested but no library entries match prefixes {0}. Check that the library actually contains decoys with one of these prefixes on a protein accession, or unset decoys_in_library so Osprey generates decoys.","entry/entries","Flagged terms: entry/entries"," ","apply glossary renames","",""
"","Review","user","default (every run)","Osprey.Tasks/PerFileScoringTask.cs","1258","LogInfo","","Library-decoy mode: manifest replaced protein_ids on {0} library entries (clean source-protein accessions from the manifest's `proteins` column)","entry/entries","Flagged terms: entry/entries"," ","apply glossary renames","",""
"","Review","user","default (every run)","Osprey.Tasks/PerFileScoringTask.cs","1270","LogInfo","","Library-decoy mode: manifest classified {0} additional library entries as decoys (their protein accessions lacked a decoy prefix)","entry/entries","Flagged terms: entry/entries"," ","apply glossary renames","",""
"","Review","user","default (every run)","Osprey.Tasks/PerFileScoringTask.cs","1306","LogError","","[ERROR] Library-decoy pairing failed: only {0:F1}% of decoys paired with a target (threshold: {1:F0}%). FDR estimates would be unreliable without proper target-decoy competition. Either supply a pairing manifest, ensure the library uses matching protein accessions with one of `decoy_prefixes` ({2}), or unset `decoys_in_library` so Osprey generates its own decoys.","competition","Flagged terms: competition"," ","apply glossary renames","",""
"","Review","user","default (every run)","Osprey.Tasks/PerFileScoringTask.cs","1367","LogInfo","","Loading {0} per-file score parquet(s)","byproduct/interned/parquet","Flagged terms: byproduct/interned/parquet"," ","apply glossary renames","",""
"","Review","user","default (every run)","Osprey.Tasks/PerFileScoringTask.cs","1755","LogInfo","","Loading file {0}/{1}: {2} (from {3})","code identifier","Flagged terms: code identifier"," ","apply glossary renames","",""
"","Review","user","default (every run)","Osprey.Tasks/PerFileScoringTask.cs","2038","LogError","","[ERROR] --input-scores hydration failed: {0}","hydrate","Flagged terms: hydrate"," ","apply glossary renames","",""
"","Review","user","default (every run)","Osprey.Tasks/PerFileScoringTask.cs","2481","LogError","","[ERROR] Resume rehydrate: {0} has {1} stubs but {2} feature rows; cannot load valid-on-disk scores.","hydrate; stubs","Flagged terms: hydrate; stubs"," ","apply glossary renames","",""
"","Review","user","default (every run)","Osprey.Tasks/PerFileScoringTask.cs","2485","LogWarning","","[WARN] Per-file resume: {0} has {1} stubs but {2} feature rows; will rescore.","stubs","Flagged terms: stubs"," ","apply glossary renames","",""
"","Review","user","default (every run)","Osprey.Tasks/PerFileScoringTask.cs","2496","LogError","","[ERROR] Resume rehydrate: failed to load valid-on-disk scores from {0}: {1}","hydrate","Flagged terms: hydrate"," ","apply glossary renames","",""
"","Review","user","default (every run)","Osprey.Tasks/PerFileScoringTask.cs","2750","LogInfo","","Wrote {0} scored entries to {1} ({2:F1}s)","entry/entries","Flagged terms: entry/entries"," ","apply glossary renames","",""
"","Review","user","default (every run)","Osprey.Tasks/PerFileScoringTask.cs","2813","LogInfo","","Scored {0} entries ({1} targets, {2} decoys) for {3}","entry/entries","Flagged terms: entry/entries"," ","apply glossary renames","",""
"","Review","user","default (every run)","Osprey.Tasks/ReconciledParquetWriter.cs","122","LogWarning","","[WARN] Stage 6 write-back: failed to transfer {0} -> {1}: {2}","Stage N","Flagged terms: Stage N"," ","apply glossary renames","",""
"","Review","user","default (every run)","Osprey.Tasks/ReconciledParquetWriter.cs","131","LogInfo","","Wrote reconciled parquet for {0}: {1} rows ({2} replaced + {3} appended; original {4} rows)","byproduct/interned/parquet","Flagged terms: byproduct/interned/parquet"," ","apply glossary renames","",""
"","Review","user","default (every run)","Osprey.Tasks/SecondPassFdrTask.cs","1207","LogWarning","","[WARN] (No entries pass FDR threshold. Creating empty blib.)","entry/entries","Flagged terms: entry/entries"," ","apply glossary renames","",""
"","Review","user","default (every run)","Osprey.Tasks/SecondPassFdrTask.cs","1236","LogInfo","","Wrote {0} library spectra to {1} (from {2} passing entries)","entry/entries","Flagged terms: entry/entries"," ","apply glossary renames","",""
"","Review","user","default (every run)","Osprey.Tasks/SecondPassFdrTask.cs","1355","ProgressReporter","","Collecting passing entries over {0} file(s)...","entry/entries","Flagged terms: entry/entries"," ","apply glossary renames","",""
"","Review","user","default (every run)","Osprey.Tasks/SecondPassFdrTask.cs","1404","ProgressReporter","","Collecting best experiment q per precursor over {0} entries...","entry/entries","Flagged terms: entry/entries"," ","apply glossary renames","",""
"","Review","user","default (every run)","Osprey.Tasks/SecondPassFdrTask.cs","1442","ProgressReporter","","Resolving shared peak boundaries over {0} entries...","entry/entries","Flagged terms: entry/entries"," ","apply glossary renames","",""
"","Review","user","default (every run)","Osprey/AnalysisPipeline.cs","246","LogWarning","","[WARN] Failed to write {0} sidecar for {1}: {2}","sidecar","Flagged terms: sidecar"," ","apply glossary renames","",""
"","Review","user","default (every run)","Osprey/OspreyCommandArgs.cs","538","LogWarning","","[WARN] --decoy-pairing-manifest is set without --decoys-in-library; the manifest will NOT be consulted by the pipeline, but it still contributes to the search-parameter hash and will invalidate cached .scores.parquet files. Pass --decoys-in-library to actually enable library-decoy mode.","byproduct/interned/parquet","Flagged terms: byproduct/interned/parquet"," ","apply glossary renames","",""
"","Review","user","default (every run)","Osprey/Program.cs","280","LogInfo","","Input files: {0}","code identifier","Flagged terms: code identifier"," ","apply glossary renames","",""
"","Review","user","default (every run)","Osprey/Program.cs","297","LogInfo","","(Output: per-file .scores.parquet (next to each input file))","byproduct/interned/parquet","Flagged terms: byproduct/interned/parquet"," ","apply glossary renames","",""
"","Review","user","default (every run)","Osprey/Program.cs","322","LogWarning","","[WARN] OSPREY_EXPERIMENT_AGG was set to an unrecognized value; using the default '{0}'. Recognized values: '{0}', or '{1}<N>' with N in [2, {2}] (e.g. '{1}2').","OSPREY_* env var","Flagged terms: OSPREY_* env var"," ","apply glossary renames","",""
"","Review","user","default (every run)","Osprey/Program.cs","442","LogError","","[ERROR] {to}describe (no analysis-wide 1st-pass experiment sidecar beside the output). Run the analysis at least as far as FirstPassFDR first.","sidecar","Flagged terms: sidecar"," ","apply glossary renames","",""
"A14","Keep","user","default (every run)","Osprey/AnalysisPipeline.cs","99","LogInfo","once per task","[TASK] {0}:skipping (outputs valid)","","Decided: keep as is. The names are the --task argument values documented in the CLI help and have value to a user learning the HPC split. Parsed by ai/scripts/perfviz.py and asserted by regression.ps1.","(as is)","keep (decided 2026-09-09)","",""
"A14","Keep","user","default (every run)","Osprey/AnalysisPipeline.cs","183","LogInfo","once per task","[TASK] {0}:starting","","Decided: keep as is. The names are the --task argument values documented in the CLI help and have value to a user learning the HPC split. Parsed by ai/scripts/perfviz.py and asserted by regression.ps1.","(as is)","keep (decided 2026-09-09)","",""
"A14","Keep","user","default (every run)","Osprey/AnalysisPipeline.cs","191","LogInfo","once per task","[TASK] {0}:done ({1:F1}s)","","Decided: keep as is. The names are the --task argument values documented in the CLI help and have value to a user learning the HPC split. Parsed by ai/scripts/perfviz.py and asserted by regression.ps1.","(as is)","keep (decided 2026-09-09)","",""
"B1","Keep","user","default (every run)","Osprey.Core/FileParallelism.cs","217","logDelegate","startup","File parallelism: {0} (auto: {1:F1} GB free x {2:P0} / ~{3:F1} GB est per file -> {4} by RAM, capped to {5} cores / {6} files)","","User-relevant; could drop the arithmetic.","File parallelism: 4 of 82 files at once, limited by 62 GB free RAM.","keep; optional simplification","",""
"B1","Keep","user","default (every run)","Osprey.Tasks/Pass2FdrSidecar.cs","2130","LogInfo","only with OSPREY_PASS2_VERIFY_WORKER","Second-pass worker verification ACTIVE (OSPREY_PASS2_VERIFY_WORKER): recomputing the per-file competition for {0} file(s) to assert the worker's answer ({1} of them have one). This re-reads each 1st-pass sidecar; it is a test instrument and is off by default.","sidecar; competition; worker/fan-out/join; OSPREY_* env var","Env-gated test instrument.","(as is)","keep","",""
"B1","Keep","user","default (every run)","Osprey/Program.cs","260","LogInfo","startup","{0} of {1} input(s) are absent but have a spectra cache; reading those from the cache.","code identifier","User-relevant.","(as is)","keep","",""
"","Keep","user","default (every run)","Osprey.Core/FileParallelism.cs","141","logDelegate","","File parallelism: {0} (explicit --parallel-files, {1} files)","",""," ","keep","",""
"","Keep","user","default (every run)","Osprey.Core/FileParallelism.cs","166","logDelegate","","File parallelism: 1 (sequential default; pass --parallel-files to score {0} files concurrently)","",""," ","keep","",""
"","Keep","user","default (every run)","Osprey.Core/FileParallelism.cs","208","logDelegate","","File parallelism: {0} (auto, CPU-bound: {1} cores, {2} files; memory estimate unavailable)","",""," ","keep","",""
"","Keep","user","default (every run)","Osprey.Core/OspreyOutput.cs","137","OutWriteLine","","(format, args)","",""," ","keep","",""
"","Keep","user","default (every run)","Osprey.Core/ProgressReporter.cs","212","OutWriteLine","","({0} {1}%, _indent, percent)","",""," ","keep","",""
"","Keep","user","default (every run)","Osprey.Core/ProgressReporter.cs","229","OutWriteLine","","{0} {1:0.00}% ({2:N0}/{3:N0}, {4} elapsed)","",""," ","keep","",""
"","Keep","user","default (every run)","Osprey.Core/ProgressReporter.cs","259","OutWriteLine","","({0} 100%, _indent)","",""," ","keep","",""
"","Keep","user","default (every run)","Osprey.Core/ProgressReporter.cs","274","OutWriteLine","","({0}{1}..., _indent, _activity)","",""," ","keep","",""
"","Keep","user","default (every run)","Osprey.FDR/PercolatorEngine.cs","172","LogInfo","","{0} Percolator results: {1} targets, {2} decoys pass {3:P1} FDR","",""," ","keep","",""
"","Keep","user","default (every run)","Osprey.FDR/PercolatorEngine.cs","455","LogInfo","","{0}: {1} targets pass (FDR={2:F4}, {3} target wins, {4} decoy wins)","",""," ","keep","",""
"","Keep","user","default (every run)","Osprey.FDR/PercolatorEngine.cs","913","ProgressReporter","","Loading training-subset feature vectors from {0} file(s)...","",""," ","keep","",""
"","Keep","user","default (every run)","Osprey.FDR/PercolatorQValues.cs","946","ProgressReporter","","(activity, reportTotal)...","",""," ","keep","",""
"","Keep","user","default (every run)","Osprey.FDR/PercolatorScorer.cs","698","ProgressReporter","","Streaming first-pass ingest from {0} file(s)...","",""," ","keep","",""
"","Keep","user","default (every run)","Osprey.FDR/PercolatorScorer.cs","862","LogInfo","","[TRAIN] Ignoring the persisted 1st-pass model: it carries {0} features and this run scores {1}. Training a fresh model.","",""," ","keep","",""
"","Keep","user","default (every run)","Osprey.FDR/PercolatorScorer.cs","880","ProgressReporter","","Loading training-subset feature vectors from {0} file(s)...","",""," ","keep","",""
"","Keep","user","default (every run)","Osprey.FDR/PercolatorTrainer.cs","610","OutWriteLine","","subsample {3}, colsample {4}, lambda {5}, alpha {6}, gamma {7}, min child weight {8}","",""," ","keep","",""
"","Keep","user","default (every run)","Osprey.FDR/PercolatorTrainer.cs","712","OutWriteLine","","( Percolator iteration {0} of {1} ({2:F1}% of training targets at {3:P0} FDR), iteration + 1, _maxIterations, pct, _trainFdr)","",""," ","keep","",""
"","Keep","user","default (every run)","Osprey.FDR/ProteinFdrEngine.cs","97","LogInfo","","First-pass protein FDR: {0} target groups at {1:P1} FDR","",""," ","keep","",""
"","Keep","user","default (every run)","Osprey.FDR/ProteinFdrEngine.cs","139","LogInfo","","Collected scores for {0} unique peptides","",""," ","keep","",""
"","Keep","user","default (every run)","Osprey.FDR/ProteinFdrEngine.cs","160","LogInfo","","Detected {0} unique peptides at {1:P1} experiment FDR ({2})","",""," ","keep","",""
"","Keep","user","default (every run)","Osprey.FDR/ProteinFdrEngine.cs","170","LogInfo","","Protein parsimony: {0} groups","",""," ","keep","",""
"","Keep","user","default (every run)","Osprey.FDR/ProteinFdrEngine.cs","188","LogInfo","","{0} protein groups pass {1:P1} protein FDR","",""," ","keep","",""
"","Keep","user","default (every run)","Osprey.IO/DiannTsvLoader.cs","76","ProgressReporter","","Parsing {0}...","",""," ","keep","",""
"","Keep","user","default (every run)","Osprey.IO/LibraryLoader.cs","127","LogInfo","","Library cache '{0}' was built from a different version of the source library; ignoring the stale cache and rebuilding from source.","",""," ","keep","",""
"","Keep","user","default (every run)","Osprey.IO/LibraryLoader.cs","135","LogWarning","","[WARN] Failed to load library cache: {0}. Falling back to source.","",""," ","keep","",""
"","Keep","user","default (every run)","Osprey.IO/LibraryLoader.cs","141","LogInfo","","Loading spectral library from {0}...","",""," ","keep","",""
"","Keep","user","default (every run)","Osprey.IO/LibraryLoader.cs","199","LogWarning","","[WARN] Failed to save library cache: {0}","",""," ","keep","",""
"","Keep","user","default (every run)","Osprey.IO/MzmlReader.cs","109","ProgressReporter","","Reading {0}...","",""," ","keep","",""
"","Keep","user","default (every run)","Osprey.IO/SpectraCache.cs","182","ProgressReporter","","Writing spectra cache...","",""," ","keep","",""
"","Keep","user","default (every run)","Osprey.IO/VendorRawReader.cs","107","ProgressReporter","","Reading {0}...","",""," ","keep","",""
"","Keep","user","default (every run)","Osprey.Scoring/DecoyGenerator.cs","322","LogInfo","","Generated {0} decoys from {1} targets ({2} excluded due to collisions)","",""," ","keep","",""
"","Keep","user","default (every run)","Osprey.Scoring/ScoringPipeline.cs","140","LogInfo","","Coelution search RT tolerance: {0:F2} min (3*MAD*1.4826, MAD={1:F3}{2}) from .calibration.json from cal stats","",""," ","keep","",""
"","Keep","user","default (every run)","Osprey.Scoring/ScoringPipeline.cs","168","LogInfo","","Coelution search using calibrated fragment tolerance: {0:F4} {1}","",""," ","keep","",""
"","Keep","user","default (every run)","Osprey.Scoring/ScoringPipeline.cs","177","LogInfo","","Applying MS2 calibration: mean error = {0:F4} {1} -> correcting by {2:+F4;-F4;0} {1}","",""," ","keep","",""
"","Keep","user","default (every run)","Osprey.Scoring/ScoringPipeline.cs","226","ProgressReporter","","{0} isolation windowsScoring...","",""," ","keep","",""
"","Keep","user","default (every run)","Osprey.Tasks/BlibOutputWriter.cs","181","ProgressReporter","","Compressing {0} library spectra for the blib...","",""," ","keep","",""
"","Keep","user","default (every run)","Osprey.Tasks/BlibOutputWriter.cs","232","ProgressReporter","","Writing {0} spectra to the blib...","",""," ","keep","",""
"","Keep","user","default (every run)","Osprey.Tasks/BlibOutputWriter.cs","372","ProgressReporter","","Writing {0} retention-time rows to the blib...","",""," ","keep","",""
"","Keep","user","default (every run)","Osprey.Tasks/Calibrator.cs","240","LogInfo","","(Running RT calibration...)","",""," ","keep","",""
"","Keep","user","default (every run)","Osprey.Tasks/Calibrator.cs","310","LogInfo","","RT mapping: slope={0:F4}, intercept={1:F4}","",""," ","keep","",""
"","Keep","user","default (every run)","Osprey.Tasks/Calibrator.cs","430","LogWarning","","[WARN] (No calibration matches could be scored in pass 1.)","",""," ","keep","",""
"","Keep","user","default (every run)","Osprey.Tasks/Calibrator.cs","451","LogWarning","","[WARN] Calibration attempt {0} found only {1} confident peptides (need {2}). Retrying with {3} targets...ALL{0}","",""," ","keep","",""
"","Keep","user","default (every run)","Osprey.Tasks/Calibrator.cs","472","LogWarning","","[WARN] Insufficient calibration points after {0} attempt(s): {1} < {2} minimum for a fit.","",""," ","keep","",""
"","Keep","user","default (every run)","Osprey.Tasks/Calibrator.cs","475","LogWarning","","[WARN] (Calibration pass 1 failed. Using fallback tolerance.)","",""," ","keep","",""
"","Keep","user","default (every run)","Osprey.Tasks/Calibrator.cs","485","LogWarning","","[WARN] Calibration: Using {0} peptides (below target of {1} but above minimum of {2})","",""," ","keep","",""
"","Keep","user","default (every run)","Osprey.Tasks/Calibrator.cs","500","LogWarning","","[WARN] Calibration: {0} points span too little of the library RT range to determine a slope. Using fallback tolerance.","",""," ","keep","",""
"","Keep","user","default (every run)","Osprey.Tasks/Calibrator.cs","520","LogWarning","","[WARN] {RT}range mapping. Using fallback tolerance.","",""," ","keep","",""
"","Keep","user","default (every run)","Osprey.Tasks/Calibrator.cs","528","LogWarning","","[WARN] (Calibration pass 1 failed. Using fallback tolerance.)","",""," ","keep","",""
"","Keep","user","default (every run)","Osprey.Tasks/Calibrator.cs","665","LogInfo","","Refined calibration not better (R^2 {0:F4} vs {1:F4}), keeping original","",""," ","keep","",""
"","Keep","user","default (every run)","Osprey.Tasks/Calibrator.cs","671","LogInfo","","Refinement pass: insufficient points (need {0}), keeping original calibration","",""," ","keep","",""
"","Keep","user","default (every run)","Osprey.Tasks/Calibrator.cs","691","LogWarning","","[WARN] (Calibration retry loop exited without a result. Using fallback tolerance.)","",""," ","keep","",""
"","Keep","user","default (every run)","Osprey.Tasks/Calibrator.cs","918","LogWarning","","[WARN] (No calibration matches could be scored in pass 2.)","",""," ","keep","",""
"","Keep","user","default (every run)","Osprey.Tasks/Calibrator.cs","934","LogWarning","","[WARN] Insufficient calibration points in pass 2 ({0} < {1}).","",""," ","keep","",""
"","Keep","user","default (every run)","Osprey.Tasks/Calibrator.cs","1165","LogInfo","","Calibration pass {0}: {1} RT calibration points (from {2} peptides at 1% FDR)","",""," ","keep","",""
"","Keep","user","default (every run)","Osprey.Tasks/Calibrator.cs","1314","LogWarning","","[WARN] Calibration pass {0}: {1} points is below {2}; fitting a global linear calibration.","",""," ","keep","",""
"","Keep","user","default (every run)","Osprey.Tasks/Calibrator.cs","1320","LogWarning","","[WARN] Calibration pass {0}: {1} points is below {2}; widening LOESS bandwidth {3:F2} -> {4:F2} to hold the local window near {5:F0} points.","",""," ","keep","",""
"","Keep","user","default (every run)","Osprey.Tasks/Calibrator.cs","1375","LogWarning","","[WARN] RT calibration pass {0} failed: {1}","",""," ","keep","",""
"","Keep","user","default (every run)","Osprey.Tasks/Calibrator.cs","1570","ProgressReporter","","(Scoring calibration windows, entriesByWindow.Count, "" "")...","",""," ","keep","",""
"","Keep","user","default (every run)","Osprey.Tasks/FdrProjectionSinks.cs","140","LogInfo","","{0} Percolator results: {1} targets, {2} decoys pass {3:P1} FDR","",""," ","keep","",""
"","Keep","user","default (every run)","Osprey.Tasks/FirstPassFdrTask.cs","297","LogError","","[ERROR] --task ModelDiagnostics: could not build the report accumulator: {0}","",""," ","keep","",""
"","Keep","user","default (every run)","Osprey.Tasks/FirstPassFdrTask.cs","306","LogError","","[ERROR] (retainedError)","",""," ","keep","",""
"","Keep","user","default (every run)","Osprey.Tasks/FirstPassFdrTask.cs","507","LogInfo","","(string.Empty)","",""," ","keep","",""
"","Keep","user","default (every run)","Osprey.Tasks/FirstPassFdrTask.cs","636","LogInfo","","(string.Empty)","",""," ","keep","",""
"","Keep","user","default (every run)","Osprey.Tasks/FirstPassFdrTask.cs","1070","LogError","","[ERROR] (error)","",""," ","keep","",""
"","Keep","user","default (every run)","Osprey.Tasks/FirstPassFdrTask.cs","1317","LogWarning","","[WARN] --model-diagnostics: could not build the report accumulator on this resume, so no report will be written. The search is unaffected. {0}","",""," ","keep","",""
"","Keep","user","default (every run)","Osprey.Tasks/FirstPassFdrTask.cs","1577","LogWarning","","[WARN] CAL view: {0} of {1} file(s) have no captured calibration diagnostics and are omitted from the calibration report: [{2}],","",""," ","keep","",""
"","Keep","user","default (every run)","Osprey.Tasks/FirstPassFdrTask.cs","1695","LogInfo","","{0}: {1} precursors at {2:P1} run-level FDR","",""," ","keep","",""
"","Keep","user","default (every run)","Osprey.Tasks/FirstPassFdrTask.cs","1699","LogInfo","","Total: {0} precursors pass run-level FDR across all files","",""," ","keep","",""
"","Keep","user","default (every run)","Osprey.Tasks/FirstPassFdrTask.cs","1884","LogInfo","","(string.Empty)","",""," ","keep","",""
"","Keep","user","default (every run)","Osprey.Tasks/FirstPassFdrTask.cs","1885","LogInfo","","Reconciliation planning","",""," ","keep","",""
"","Keep","user","default (every run)","Osprey.Tasks/FirstPassFdrTask.cs","1968","LogError","","[ERROR] (ex.Message)","",""," ","keep","",""
"","Keep","user","default (every run)","Osprey.Tasks/FirstPassFdrTask.cs","2113","LogWarning","","[WARN] Failed to write 1st-pass fdr_scores.bin for {0}: {1}","",""," ","keep","",""
"","Keep","user","default (every run)","Osprey.Tasks/FirstPassFdrTask.cs","2161","LogWarning","","[WARN] Failed to write {0}: {1}","",""," ","keep","",""
"","Keep","user","default (every run)","Osprey.Tasks/FirstPassFdrTask.cs","2275","LogWarning","","[WARN] Failed to write reconciliation.json for {0}: {1}","",""," ","keep","",""
"","Keep","user","default (every run)","Osprey.Tasks/FirstPassFdrTask.cs","2498","LogWarning","","[WARN] FDR method {0} not yet supported, falling back to simple","",""," ","keep","",""
"","Keep","user","default (every run)","Osprey.Tasks/FirstPassFdrTask.cs","2925","LogWarning","","[WARN] Failed to write 1st-pass fdr_scores.bin for {0}: {1}","",""," ","keep","",""
"","Keep","user","default (every run)","Osprey.Tasks/FirstPassFdrTask.cs","3026","LogInfo","","resume-skip: {0}","",""," ","keep","",""
"","Keep","user","default (every run)","Osprey.Tasks/FirstPassFdrTask.cs","3232","LogInfo","","Resume: reusing the persisted 1st-pass model instead of retraining ({0} of {1} file(s) already scored).","",""," ","keep","",""
"","Keep","user","default (every run)","Osprey.Tasks/FirstPassFdrTask.cs","3239","LogInfo","","Resume: a current 1st-pass model is on disk but no file's scores are, so the model is retrained rather than adopted for a full re-score.","",""," ","keep","",""
"","Keep","user","default (every run)","Osprey.Tasks/FirstPassFdrTask.cs","3320","LogInfo","","(string.Empty)","",""," ","keep","",""
"","Keep","user","default (every run)","Osprey.Tasks/FirstPassFdrTask.cs","3536","ProgressReporter","","Reloading first-pass survivors from {0} file(s)...","",""," ","keep","",""
"","Keep","user","default (every run)","Osprey.Tasks/FirstPassFdrTask.cs","3548","LogError","","[ERROR] (error)","",""," ","keep","",""
"","Keep","user","default (every run)","Osprey.Tasks/FirstPassFdrTask.cs","3590","LogInfo","","{0}: {1} precursors at {2:P1} run-level FDR","",""," ","keep","",""
"","Keep","user","default (every run)","Osprey.Tasks/FirstPassFdrTask.cs","3594","LogInfo","","Total: {0} precursors pass run-level FDR across all files","",""," ","keep","",""
"","Keep","user","default (every run)","Osprey.Tasks/FirstPassFdrTask.cs","3630","ProgressReporter","","Computing first-pass protein FDR ({0} files)...","",""," ","keep","",""
"","Keep","user","default (every run)","Osprey.Tasks/FirstPassFdrTask.cs","3658","ProgressReporter","","Resolving first-pass protein q-values ({0} files)...","",""," ","keep","",""
"","Keep","user","default (every run)","Osprey.Tasks/FirstPassFdrTask.cs","3681","LogWarning","","[WARN] Failed to resolve 1st-pass protein q-values for {0}: {1}","",""," ","keep","",""
"","Keep","user","default (every run)","Osprey.Tasks/FirstPassFdrTask.cs","3729","LogError","","[ERROR] First-pass protein FDR: failed to read .1st-pass.fdr_scores.bin for {0} (expected at {1})","",""," ","keep","",""
"","Keep","user","default (every run)","Osprey.Tasks/FirstPassFdrTask.cs","3809","ProgressReporter","","Compacting first-pass results ({0} files)...","",""," ","keep","",""
"","Keep","user","default (every run)","Osprey.Tasks/OspreyReportWriter.cs","70","LogInfo","","(Skipping reports: no output path (-o) to derive report file names from.)","",""," ","keep","",""
"","Keep","user","default (every run)","Osprey.Tasks/OspreyReportWriter.cs","130","ProgressReporter","","Building the protein-group report over {0} group(s)...","",""," ","keep","",""
"","Keep","user","default (every run)","Osprey.Tasks/OspreyReportWriter.cs","262","ProgressReporter","","Per-replicate protein FDR over {0} run(s)...","",""," ","keep","",""
"","Keep","user","default (every run)","Osprey.Tasks/Pass2FdrSidecar.cs","380","ProgressReporter","","Writing 2nd-pass FDR scores for {0} file(s)...","",""," ","keep","",""
"","Keep","user","default (every run)","Osprey.Tasks/Pass2FdrSidecar.cs","1562","LogWarning","","[WARN] Failed to write {0}: {1}","",""," ","keep","",""
"","Keep","user","default (every run)","Osprey.Tasks/Pass2FdrSidecar.cs","2405","LogWarning","","[WARN] Second-pass FDR: failed to reload PIN features from {0}: {1}","",""," ","keep","",""
"","Keep","user","default (every run)","Osprey.Tasks/Pass2FdrSidecar.cs","2684","LogWarning","","[WARN] {0}: failed to reload PIN features from {1}: {2}","",""," ","keep","",""
"","Keep","user","default (every run)","Osprey.Tasks/PerFileRescoreTask.cs","946","LogInfo","","Re-scoring {0} files in parallel:","",""," ","keep","",""
"","Keep","user","default (every run)","Osprey.Tasks/PerFileRescoreTask.cs","955","LogInfo","","{0}. {1}","",""," ","keep","",""
"","Keep","user","default (every run)","Osprey.Tasks/PerFileRescoreTask.cs","1482","LogInfo","","{0} targets had no peak at override boundary (reset to defaults)","",""," ","keep","",""
"","Keep","user","default (every run)","Osprey.Tasks/PerFileRescoreTask.cs","1730","LogInfo","","[file] {0}/{1} {2}: skipping (outputs valid)","",""," ","keep","",""
"","Keep","user","default (every run)","Osprey.Tasks/PerFileRescoreTask.cs","1842","LogInfo","","Re-scoring file {0}/{1}: {2}","",""," ","keep","",""
"","Keep","user","default (every run)","Osprey.Tasks/PerFileRescoreTask.cs","2106","ProgressReporter","","Materializing survivors for {0} run(s)...","",""," ","keep","",""
"","Keep","user","default (every run)","Osprey.Tasks/PerFileRescoreTask.cs","2855","ProgressReporter","","Rebuilding first-pass survivors from {0} file(s)...","",""," ","keep","",""
"","Keep","user","default (every run)","Osprey.Tasks/PerFileRescoreTask.cs","3073","LogError","","[ERROR] (error)","",""," ","keep","",""
"","Keep","user","default (every run)","Osprey.Tasks/PerFileRescoreTask.cs","3093","LogError","","[ERROR] (error)","",""," ","keep","",""
"","Keep","user","default (every run)","Osprey.Tasks/PerFileRescoreTask.cs","3346","LogInfo","","Gap-fill CWT: {0} hits ({1:F1}s)","",""," ","keep","",""
"","Keep","user","default (every run)","Osprey.Tasks/PerFileRescoreTask.cs","3486","LogInfo","","Streaming {1} MS1 and {0} MS/MS spectra from cache for {2}","",""," ","keep","",""
"","Keep","user","default (every run)","Osprey.Tasks/PerFileScoringTask.cs","484","LogInfo","","(string.Empty)","",""," ","keep","",""
"","Keep","user","default (every run)","Osprey.Tasks/PerFileScoringTask.cs","579","LogInfo","","(string.Empty)","",""," ","keep","",""
"","Keep","user","default (every run)","Osprey.Tasks/PerFileScoringTask.cs","877","LogInfo","","(string.Empty)","",""," ","keep","",""
"","Keep","user","default (every run)","Osprey.Tasks/PerFileScoringTask.cs","1026","LogError","","[ERROR] Library is empty after loading","",""," ","keep","",""
"","Keep","user","default (every run)","Osprey.Tasks/PerFileScoringTask.cs","1181","LogInfo","","Library-decoy mode: matched prefixes {0}","",""," ","keep","",""
"","Keep","user","default (every run)","Osprey.Tasks/PerFileScoringTask.cs","1237","LogInfo","","Loading decoy pairing manifest from {0}","",""," ","keep","",""
"","Keep","user","default (every run)","Osprey.Tasks/PerFileScoringTask.cs","1248","LogError","","[ERROR] Failed to read decoy pairing manifest {0}: {1}","",""," ","keep","",""
"","Keep","user","default (every run)","Osprey.Tasks/PerFileScoringTask.cs","1282","LogInfo","","Pairing library decoys to targets by amino-acid composition (no manifest provided).","",""," ","keep","",""
"","Keep","user","default (every run)","Osprey.Tasks/PerFileScoringTask.cs","1297","LogInfo","","Library-decoy pairing: paired {0}/{1} decoys ({2:F1}%); manifest={3}, composition={4}; {5} unpaired decoys, {6} unpaired targets","",""," ","keep","",""
"","Keep","user","default (every run)","Osprey.Tasks/PerFileScoringTask.cs","1477","LogError","","[ERROR] (retainedError)","",""," ","keep","",""
"","Keep","user","default (every run)","Osprey.Tasks/PerFileScoringTask.cs","1524","LogInfo","","Loading file {0}/{1}: {2} (from {3})","",""," ","keep","",""
"","Keep","user","default (every run)","Osprey.Tasks/PerFileScoringTask.cs","1892","LogWarning","","[WARN] Failed to load calibration for {0}: {1}","",""," ","keep","",""
"","Keep","user","default (every run)","Osprey.Tasks/PerFileScoringTask.cs","2102","LogInfo","","[file] {0}/{1} {2}: skipping (outputs valid)","",""," ","keep","",""
"","Keep","user","default (every run)","Osprey.Tasks/PerFileScoringTask.cs","2110","LogInfo","","Scoring file {0}/{1}: {2}","",""," ","keep","",""
"","Keep","user","default (every run)","Osprey.Tasks/PerFileScoringTask.cs","2440","LogWarning","","[WARN] Failed to load calibration for {0}: {1}","",""," ","keep","",""
"","Keep","user","default (every run)","Osprey.Tasks/PerFileScoringTask.cs","2500","LogWarning","","[WARN] Per-file resume: failed to load {0}: {1}; will rescore.","",""," ","keep","",""
"","Keep","user","default (every run)","Osprey.Tasks/PerFileScoringTask.cs","2592","LogWarning","","[WARN] No spectra found in {0}","",""," ","keep","",""
"","Keep","user","default (every run)","Osprey.Tasks/PerFileScoringTask.cs","2892","LogInfo","","Loaded RT calibration: {0} points, R2={1:F4}","",""," ","keep","",""
"","Keep","user","default (every run)","Osprey.Tasks/PerFileScoringTask.cs","2907","LogInfo","","Loaded MS2 calibration: mean={0:F4} {1}, SD={2:F4}","",""," ","keep","",""
"","Keep","user","default (every run)","Osprey.Tasks/PerFileScoringTask.cs","2922","LogInfo","","Loaded MS1 calibration: mean={0:F4} {1}, SD={2:F4}","",""," ","keep","",""
"","Keep","user","default (every run)","Osprey.Tasks/PerFileScoringTask.cs","2997","LogInfo","","Saved calibration to {0}","",""," ","keep","",""
"","Keep","user","default (every run)","Osprey.Tasks/PerFileScoringTask.cs","3001","LogInfo","","(Warning: failed to save calibration JSON: + ex.Message)","",""," ","keep","",""
"","Keep","user","default (every run)","Osprey.Tasks/PerFileScoringTask.cs","3071","LogInfo","","Calibration summary [{0}]:","",""," ","keep","",""
"","Keep","user","default (every run)","Osprey.Tasks/PerFileScoringTask.cs","3075","LogInfo","","( RT: calibration failed - using fallback RT tolerance)","",""," ","keep","",""
"","Keep","user","default (every run)","Osprey.Tasks/PerFileScoringTask.cs","3120","LogInfo","","(rtToleranceLine)","",""," ","keep","",""
"","Keep","user","default (every run)","Osprey.Tasks/PerFileScoringTask.cs","3121","LogInfo","","RT fit: MAD={0:F3} min, residual SD={1:F3} min, R^2={2:F4}, n={3} points","",""," ","keep","",""
"","Keep","user","default (every run)","Osprey.Tasks/PerFileScoringTask.cs","3142","LogInfo","","{0} mass: not calibrated","",""," ","keep","",""
"","Keep","user","default (every run)","Osprey.Tasks/PerFileScoringTask.cs","3146","LogInfo","","{0} mass: correction={1:F2} {2}, SD={3:F2} {2}, tolerance=+/-{4:F2} {2} (n={5} {6} matches)","",""," ","keep","",""
"","Keep","user","default (every run)","Osprey.Tasks/PipelineByproducts.cs","694","ProgressReporter","","{0} over {1} run(s)...","",""," ","keep","",""
"","Keep","user","default (every run)","Osprey.Tasks/RescoreHydration.cs","427","ProgressReporter","","Folding first-pass diagnostics...","",""," ","keep","",""
"","Keep","user","default (every run)","Osprey.Tasks/ScoringTaskShared.cs","153","LogInfo","","Streaming spectra from cache: {0}","",""," ","keep","",""
"","Keep","user","default (every run)","Osprey.Tasks/ScoringTaskShared.cs","156","LogInfo","","(Spectra cache stale or invalid; re-parsing the input.)","",""," ","keep","",""
"","Keep","user","default (every run)","Osprey.Tasks/ScoringTaskShared.cs","165","LogWarning","","[WARN] Failed to index spectra cache: {0}. Re-parsing the input.","",""," ","keep","",""
"","Keep","user","default (every run)","Osprey.Tasks/ScoringTaskShared.cs","221","LogInfo","","Saved spectra cache ({0} MS2 + {1} MS1, {2:F2} GB) to '{3}'","",""," ","keep","",""
"","Keep","user","default (every run)","Osprey.Tasks/ScoringTaskShared.cs","227","LogWarning","","[WARN] Failed to save spectra cache: {0}","",""," ","keep","",""
"","Keep","user","default (every run)","Osprey.Tasks/SecondPassFdrTask.cs","465","LogInfo","","(string.Empty)","",""," ","keep","",""
"","Keep","user","default (every run)","Osprey.Tasks/SecondPassFdrTask.cs","466","LogInfo","","Running protein-level FDR at {0:P1}...","",""," ","keep","",""
"","Keep","user","default (every run)","Osprey.Tasks/SecondPassFdrTask.cs","495","LogInfo","","(string.Empty)","",""," ","keep","",""
"","Keep","user","default (every run)","Osprey.Tasks/SecondPassFdrTask.cs","499","LogInfo",""," --task ModelDiagnostics: skipping the .blib write (report only).","",""," ","keep","",""
"","Keep","user","default (every run)","Osprey.Tasks/SecondPassFdrTask.cs","1252","ProgressReporter","","Selecting peptides passing experiment FDR over {0} file(s)...","",""," ","keep","",""
"","Keep","user","default (every run)","Osprey.Tasks/SecondPassFdrTask.cs","1285","ProgressReporter","","Selecting charge states passing precursor FDR over {0} file(s)...","",""," ","keep","",""
"","Keep","user","default (every run)","Osprey.Tasks/SpectraCacheTask.cs","96","LogInfo","","Caching spectra {0}/{1}: {2}","",""," ","keep","",""
"","Keep","user","default (every run)","Osprey.Tasks/SpectraCacheTask.cs","118","LogError","","[ERROR] Failed to cache {0}: {1}","",""," ","keep","",""
"","Keep","user","default (every run)","Osprey.Tasks/SpectraCacheTask.cs","133","LogError","","[ERROR] No MS2 spectra were read from {0}; refusing to stage an empty cache.","",""," ","keep","",""
"","Keep","user","default (every run)","Osprey.Tasks/SpectraCacheTask.cs","142","LogInfo","","{0}: ms2={1:N0} ms1={2:N0} {3:N2} GB in {4:N1}s","",""," ","keep","",""
"","Keep","user","default (every run)","Osprey.Tasks/SpectraCacheTask.cs","149","LogInfo","","Cached {0} of {1} file(s) in {2:N1}s","",""," ","keep","",""
"","Keep","user","default (every run)","Osprey.Tasks/Stage6Planner.cs","234","ProgressReporter","","Reconciliation scan (pass 1 of 2) across {0} file(s)...","",""," ","keep","",""
"","Keep","user","default (every run)","Osprey.Tasks/Stage6Planner.cs","394","ProgressReporter","","Reconciliation planning (pass 2 of 2) across {0} file(s)...","",""," ","keep","",""
"","Keep","user","default (every run)","Osprey.Tasks/Stage6Planner.cs","440","LogInfo","","Reconciliation calibration refit: {0}/{1} files produced refined calibrations","",""," ","keep","",""
"","Keep","user","default (every run)","Osprey.Tasks/Stage6Planner.cs","465","LogInfo","","Reconciliation: skipped (empty consensus; single-file or no cross-file evidence)","",""," ","keep","",""
"","Keep","user","default (every run)","Osprey/AnalysisPipeline.cs","108","LogInfo","","()","",""," ","keep","",""
"","Keep","user","default (every run)","Osprey/AnalysisPipeline.cs","111","LogInfo","","Analysis complete in {0}","",""," ","keep","",""
"","Keep","user","default (every run)","Osprey/AnalysisPipeline.cs","116","LogError","","[ERROR] Pipeline failed: {0}","",""," ","keep","",""
"","Keep","user","default (every run)","Osprey/AnalysisPipeline.cs","117","LogError","","[ERROR] (ex.StackTrace)","",""," ","keep","",""
"","Keep","user","default (every run)","Osprey/OspreyCommandArgs.cs","150","LogWarning","","[WARN] Unknown FDR method '{0}', defaulting to percolator","",""," ","keep","",""
"","Keep","user","default (every run)","Osprey/OspreyCommandArgs.cs","171","LogWarning","","[WARN] Unknown FDR level '{0}', defaulting to both","",""," ","keep","",""
"","Keep","user","default (every run)","Osprey/OspreyCommandArgs.cs","191","LogWarning","","[WARN] Unknown shared peptides mode '{0}', defaulting to all","",""," ","keep","",""
"","Keep","user","default (every run)","Osprey/OspreyCommandArgs.cs","391","LogWarning","","[WARN] Unknown argument: {0}","",""," ","keep","",""
"","Keep","user","default (every run)","Osprey/OspreyCommandArgs.cs","529","LogWarning","","[WARN] Unknown fragment unit '{0}', defaulting to ppm","",""," ","keep","",""
"","Keep","user","default (every run)","Osprey/Program.cs","98","LogError","","[ERROR] PerFileRescoring, SecondPassFDR, or ModelDiagnostics).","",""," ","keep","",""
"","Keep","user","default (every run)","Osprey/Program.cs","117","LogError","","[ERROR] (taskErr)","",""," ","keep","",""
"","Keep","user","default (every run)","Osprey/Program.cs","150","LogError","","[ERROR] (err)","",""," ","keep","",""
"","Keep","user","default (every run)","Osprey/Program.cs","172","LogError","","[ERROR] Failed to open log file {0}: {1}","",""," ","keep","",""
"","Keep","user","default (every run)","Osprey/Program.cs","273","LogError","","[ERROR] Library file not found: {0}","",""," ","keep","",""
"","Keep","user","default (every run)","Osprey/Program.cs","278","LogInfo","","Osprey v{0}","",""," ","keep","",""
"","Keep","user","default (every run)","Osprey/Program.cs","279","LogInfo","","Command: {0}","",""," ","keep","",""
"","Keep","user","default (every run)","Osprey/Program.cs","288","LogInfo","","Task: {0} (single-task run)","",""," ","keep","",""
"","Keep","user","default (every run)","Osprey/Program.cs","295","LogInfo","","(Output: per-file .spectra.bin (no scoring; --output and --library are not used))","",""," ","keep","",""
"","Keep","user","default (every run)","Osprey/Program.cs","304","LogInfo","","Output: {0} (report only; no other artifact is written)","",""," ","keep","",""
"","Keep","user","default (every run)","Osprey/Program.cs","308","LogInfo","","Output: {0}","",""," ","keep","",""
"","Keep","user","default (every run)","Osprey/Program.cs","310","LogInfo","","Fragment tolerance: {0} {1}ppmTh","",""," ","keep","",""
"","Keep","user","default (every run)","Osprey/Program.cs","313","LogInfo","","Run FDR: {0:P1}","",""," ","keep","",""
"","Keep","user","default (every run)","Osprey/Program.cs","314","LogInfo","","Experiment FDR: {0:P1}","",""," ","keep","",""
"","Keep","user","default (every run)","Osprey/Program.cs","319","LogInfo","","(OspreyEnvironment.DescribeExperimentAgg())","",""," ","keep","",""
"","Keep","user","default (every run)","Osprey/Program.cs","374","LogInfo","","Protein FDR: {0:P1}","",""," ","keep","",""
"","Keep","user","default (every run)","Osprey/Program.cs","375","LogInfo","","Threads: {0}","",""," ","keep","",""
"","Keep","user","default (every run)","Osprey/Program.cs","376","LogInfo","","()","",""," ","keep","",""
"","Keep","user","default (every run)","Osprey/Program.cs","398","LogError","","[ERROR] Fatal error: {0}","",""," ","keep","",""
"","Keep","user","default (every run)","Osprey/Program.cs","733","OutWriteLine","","([WARN] {0}, message)","",""," ","keep","",""
"","Gated (dev)","developer (gated)","-d / OSPREY_DUMP_* / OSPREY_DIAG_*","Osprey.Diagnostics/OspreyDiagnosticsLog.cs","62","LogAction","","[BISECT] {0} set - aborting after dump","",""," ","keep behind -d / OSPREY_DUMP_* / OSPREY_DIAG_*","",""
"","Gated (dev)","developer (gated)","--model-diagnostics","Osprey.FDR/ModelDiagnostics/ModelDiagnosticsData.cs","764","ProgressReporter","","Building {0} pass-2 diagnostics card(s)...","",""," ","keep behind --model-diagnostics","",""
"","Gated (dev)","developer (gated)","--model-diagnostics","Osprey.FDR/ModelDiagnostics/ModelDiagnosticsData.cs","1032","ProgressReporter","","Reducing {0} file(s) to best-per-precursor...","code identifier",""," ","keep behind --model-diagnostics","",""
"","Gated (dev)","developer (gated)","-d / OSPREY_DUMP_* / OSPREY_DIAG_*","Osprey.FDR/PercolatorDiagnosticsDump.cs","79","OutWriteLine","","Wrote Stage 5 standardizer dump: {0} ({1} features)","Stage N; code identifier",""," ","keep behind -d / OSPREY_DUMP_* / OSPREY_DIAG_*","",""
"","Gated (dev)","developer (gated)","-d / OSPREY_DUMP_* / OSPREY_DIAG_*","Osprey.FDR/PercolatorDiagnosticsDump.cs","132","OutWriteLine","","Wrote Stage 5 Percolator input dump: {0} ({1} rows)","entry/entries; Stage N",""," ","keep behind -d / OSPREY_DUMP_* / OSPREY_DIAG_*","",""
"","Gated (dev)","developer (gated)","-d / OSPREY_DUMP_* / OSPREY_DIAG_*","Osprey.FDR/PercolatorDiagnosticsDump.cs","203","OutWriteLine","","Wrote Stage 5 subsample dump: {0} ({1} rows)","Stage N",""," ","keep behind -d / OSPREY_DUMP_* / OSPREY_DIAG_*","",""
"","Gated (dev)","developer (gated)","-d / OSPREY_DUMP_* / OSPREY_DIAG_*","Osprey.FDR/PercolatorDiagnosticsDump.cs","252","OutWriteLine","","Wrote Stage 5 SVM weights dump: {0} ({1} folds)","Stage N",""," ","keep behind -d / OSPREY_DUMP_* / OSPREY_DIAG_*","",""
"","Gated (dev)","developer (gated)","--perf-stats","Osprey.FDR/PercolatorEngine.cs","108","LogInfo","","[COUNT] {0} Percolator input: {1} entries ({2} targets, {3} decoys, {4} features)","entry/entries",""," ","keep behind --perf-stats","",""
"","Gated (dev)","developer (gated)","--perf-stats","Osprey.FDR/PercolatorEngine.cs","111","LogInfo","","[COUNT] {0} Percolator features computed: {1} entries with PIN features, {2} fallback","entry/entries",""," ","keep behind --perf-stats","",""
"","Gated (dev)","developer (gated)","--perf-stats","Osprey.FDR/PercolatorEngine.cs","165","LogInfo","","[COUNT] {0} Percolator pass [{1}]: {2} targets, {3} decoys at {4:P0} FDR","",""," ","keep behind --perf-stats","",""
"","Gated (dev)","developer (gated)","--perf-stats","Osprey.FDR/PercolatorEngine.cs","175","LogInfo","","[COUNT] {0} total across files: {1}","",""," ","keep behind --perf-stats","",""
"","Gated (dev)","developer (gated)","--perf-stats","Osprey.FDR/PercolatorEngine.cs","196","LogInfo","","[COUNT] {0} unique precursors (best q across files): {1}","",""," ","keep behind --perf-stats","",""
"","Gated (dev)","developer (gated)","--perf-stats","Osprey.FDR/PercolatorEngine.cs","650","LogInfo","","[COUNT] {0} Percolator streaming best-per-precursor: {1} entries ({2} targets, {3} decoys) from {4} total","entry/entries",""," ","keep behind --perf-stats","",""
"","Gated (dev)","developer (gated)","--perf-stats","Osprey.FDR/PercolatorEngine.cs","660","LogInfo","","[COUNT] {0} Percolator streaming subsample: {1} entries ({2} targets, {3} decoys)","entry/entries",""," ","keep behind --perf-stats","",""
"","Gated (dev)","developer (gated)","--perf-stats","Osprey.FDR/PercolatorEngine.cs","750","LogInfo","","[COUNT] {0} Percolator input: {1} entries ({2} targets, {3} decoys, {4} features)","entry/entries",""," ","keep behind --perf-stats","",""
"","Gated (dev)","developer (gated)","--perf-stats","Osprey.FDR/PercolatorEngine.cs","753","LogInfo","","[COUNT] {0} Percolator features computed: {1} entries with PIN features, {2} fallback","entry/entries",""," ","keep behind --perf-stats","",""
"","Gated (dev)","developer (gated)","--perf-stats","Osprey.FDR/PercolatorEngine.cs","871","LogInfo","","[COUNT] {0} Percolator streaming best-per-precursor: {1} entries ({2} targets, {3} decoys) from {4} total","entry/entries",""," ","keep behind --perf-stats","",""
"","Gated (dev)","developer (gated)","--perf-stats","Osprey.FDR/PercolatorEngine.cs","881","LogInfo","","[COUNT] {0} Percolator streaming subsample: {1} entries ({2} targets, {3} decoys)","entry/entries",""," ","keep behind --perf-stats","",""
"","Gated (dev)","developer (gated)","--perf-stats","Osprey.FDR/PercolatorScorer.cs","779","LogInfo","","[COUNT] {0} Percolator input: {1} entries ({2} targets, {3} decoys, {4} features)","entry/entries",""," ","keep behind --perf-stats","",""
"","Gated (dev)","developer (gated)","--perf-stats","Osprey.FDR/PercolatorScorer.cs","793","LogInfo","","[COUNT] {0} Percolator streaming best-per-precursor: {1} entries ({2} targets, {3} decoys) from {4} total","entry/entries",""," ","keep behind --perf-stats","",""
"","Gated (dev)","developer (gated)","--perf-stats","Osprey.FDR/PercolatorScorer.cs","840","LogInfo","","[COUNT] {0} Percolator streaming subsample: {1} entries ({2} targets, {3} decoys)","entry/entries",""," ","keep behind --perf-stats","",""
"","Gated (dev)","developer (gated)","--perf-stats","Osprey.FDR/PercolatorTrainer.cs","84","OutWriteLine","","[TIMING] Percolator setup + standardize: {swSetup.Elapsed.TotalSeconds:F1}s ({n} entries x {nFeatures} features)","entry/entries",""," ","keep behind --perf-stats","",""
"","Gated (dev)","developer (gated)","--perf-stats","Osprey.FDR/PercolatorTrainer.cs","139","OutWriteLine","","([COUNT] Percolator best-per-precursor: {0} entries ({1} targets, {2} decoys) from {3} total, bestPerPrecursor.Length, dedupTargets, dedupDecoys, n)","entry/entries",""," ","keep behind --perf-stats","",""
"","Gated (dev)","developer (gated)","--perf-stats","Osprey.FDR/PercolatorTrainer.cs","150","OutWriteLine","","([COUNT] Percolator subsample: {0} entries ({1} targets, {2} decoys) from {3} dedup, subN, subTargets, subDecoys, bestPerPrecursor.Length)","entry/entries",""," ","keep behind --perf-stats","",""
"","Gated (dev)","developer (gated)","--perf-stats","Osprey.FDR/PercolatorTrainer.cs","212","OutWriteLine","","([COUNT] Best initial feature: {0} ({1} targets at {2:F0}% FDR), bestFeatName, bestFeatPassing, trainFdr * 100.0)","",""," ","keep behind --perf-stats","",""
"","Gated (dev)","developer (gated)","--perf-stats","Osprey.FDR/PercolatorTrainer.cs","599","OutWriteLine","","([TIMING] Percolator fold {0}/{1}: {2:F1}s ({3} iterations), fold + 1, config.NFolds, foldElapsed[fold], foldIterations[fold])","fold (verb)",""," ","keep behind --perf-stats","",""
"","Gated (dev)","developer (gated)","--perf-stats","Osprey.FDR/PercolatorTrainer.cs","602","OutWriteLine","","([TIMING] Percolator train all folds (parallel): {0:F1}s, swTrain.Elapsed.TotalSeconds)","",""," ","keep behind --perf-stats","",""
"","Gated (dev)","developer (gated)","--verbose","Osprey.FDR/PercolatorTrainer.cs","697","OutWriteLine","","( Percolator fold {0}/{1}: iteration {2} of {3} ({4} of {5} targets, {6:F1}% at {7:P0} FDR), r.Fold + 1, _nFolds, iteration + 1, _maxIterations, r.Passing, r.Targets, foldPct, _trainFdr)","fold (verb)",""," ","keep behind --verbose","",""
"","Gated (dev)","developer (gated)","--perf-stats","Osprey.FDR/ProteinFdrEngine.cs","87","LogInfo","","[COUNT] First-pass detected peptides for protein FDR: {0} unique","",""," ","keep behind --perf-stats","",""
"","Gated (dev)","developer (gated)","--perf-stats","Osprey.FDR/ProteinFdrEngine.cs","162","LogInfo","","[COUNT] Detected peptides for protein FDR: {0} unique","",""," ","keep behind --perf-stats","",""
"","Gated (dev)","developer (gated)","--perf-stats","Osprey.FDR/ProteinFdrEngine.cs","171","LogInfo","","[COUNT] Protein parsimony groups: {0}","",""," ","keep behind --perf-stats","",""
"","Gated (dev)","developer (gated)","--perf-stats","Osprey.FDR/ProteinFdrEngine.cs","190","LogInfo","","[COUNT] Protein groups passing FDR: {0} at {1:P0}","",""," ","keep behind --perf-stats","",""
"","Gated (dev)","developer (gated)","--verbose","Osprey.IO/SpectrumBuilder.cs","115","OutWriteLine","","[unsorted-spectrum] spectrum_index={spectrumIndex} n_peaks={mzArray.Length}","",""," ","keep behind --verbose","",""
"","Gated (dev)","developer (gated)","--verbose","Osprey.IO/SpectrumBuilder.cs","119","OutWriteLine","","[unsorted-spectrum] suppressing further lines (>{MaxUnsortedLogLines} per process)","",""," ","keep behind --verbose","",""
"","Gated (dev)","developer (gated)","-d / OSPREY_DUMP_* / OSPREY_DIAG_*","Osprey.Scoring/ScoringPipeline.cs","188","LogInfo","","[BISECT] OSPREY_DIAG_SEARCH_ENTRY_IDS: will dump {0} entries","entry/entries; OSPREY_* env var",""," ","keep behind -d / OSPREY_DUMP_* / OSPREY_DIAG_*","",""
"","Gated (dev)","developer (gated)","--perf-stats","Osprey.Scoring/ScoringPipeline.cs","205","LogInfo","","[BENCH] OSPREY_MAX_SCORING_WINDOWS={0} - capping {1} windows to first {0}","OSPREY_* env var",""," ","keep behind --perf-stats","",""
"","Gated (dev)","developer (gated)","--perf-stats","Osprey.Scoring/ScoringPipeline.cs","590","LogInfo","","[TIMING] Per-window: min={0:F2}s, median={1:F2}s, max={2:F2}s (slowest m/z={3:F1} had {4} candidates)","",""," ","keep behind --perf-stats","",""
"","Gated (dev)","developer (gated)","--verbose","Osprey.Tasks/Calibrator.cs","278","LogVerbose","","Calibration entrapment library: {0} target-side entries = {1} real targets + {2} entrapment (FDRBench r = {3:F3})","entry/entries",""," ","keep behind --verbose","",""
"","Gated (dev)","developer (gated)","--verbose","Osprey.Tasks/Calibrator.cs","295","LogVerbose","","Library RT range: {0:F1}-{1:F1}, mzML RT range: {2:F1}-{3:F1} min","",""," ","keep behind --verbose","",""
"","Gated (dev)","developer (gated)","--verbose","Osprey.Tasks/Calibrator.cs","318","LogVerbose","","Initial RT tolerance: {0:F1} min","",""," ","keep behind --verbose","",""
"","Gated (dev)","developer (gated)","--verbose","Osprey.Tasks/Calibrator.cs","357","LogVerbose","","Calibration: library has {0} targets, requesting {1} per attempt ({2} attempt(s) max)all{0}","",""," ","keep behind --verbose","",""
"","Gated (dev)","developer (gated)","--perf-stats","Osprey.Tasks/Calibrator.cs","398","LogInfo","","[TIMING] Calibration sampling (attempt {0}/{1}): {2:F2}s ({3} targets + {4} decoys)","",""," ","keep behind --perf-stats","",""
"","Gated (dev)","developer (gated)","--verbose","Osprey.Tasks/Calibrator.cs","569","LogVerbose","","First-pass RT tolerance: {0:F2} min (MAD={1:F3}, robust_SD={2:F3}, residual_SD={3:F3}, {4} points, R^2={5:F4}, min tolerance {6:F2})","",""," ","keep behind --verbose","",""
"","Gated (dev)","developer (gated)","--verbose","Osprey.Tasks/Calibrator.cs","593","LogVerbose","","Calibration refinement: re-scoring with {0:F2} min tolerance (was {1:F1} min)","",""," ","keep behind --verbose","",""
"","Gated (dev)","developer (gated)","--verbose","Osprey.Tasks/Calibrator.cs","613","LogVerbose","","Refined RT tolerance: {0:F2} min (MAD={1:F3}, robust_SD={2:F3}, residual_SD={3:F3}, {4} points, R^2={5:F4})","",""," ","keep behind --verbose","",""
"","Gated (dev)","developer (gated)","--perf-stats","Osprey.Tasks/Calibrator.cs","1130","LogInfo","","[TIMING] Calibration pass {0} LDA: {1:F2}s ({2} target wins, {3} decoy wins at 1% FDR)","",""," ","keep behind --perf-stats","",""
"","Gated (dev)","developer (gated)","--perf-stats","Osprey.Tasks/Calibrator.cs","1133","LogInfo","","[COUNT] Calibration pass {0} LDA winners [{1}]: {2} target wins, {3} decoy wins at 1% FDR","",""," ","keep behind --perf-stats","",""
"","Gated (dev)","developer (gated)","--perf-stats","Osprey.Tasks/Calibrator.cs","1350","LogInfo","","[TIMING] Calibration pass {0} LOESS fit: {1:F2}s","",""," ","keep behind --perf-stats","",""
"","Gated (dev)","developer (gated)","--verbose","Osprey.Tasks/Calibrator.cs","1352","LogVerbose","","RT calibration pass {0}: {1} points, R2={2:F4}, residual SD={3:F3} min, MAD={4:F3}","",""," ","keep behind --verbose","",""
"","Gated (dev)","developer (gated)","--perf-stats","Osprey.Tasks/Calibrator.cs","1611","LogInfo","","[TIMING] Calibration pass {0} scoring: {1:F2}s ({2} matches)","",""," ","keep behind --perf-stats","",""
"","Gated (dev)","developer (gated)","--perf-stats","Osprey.Tasks/Calibrator.cs","1614","LogInfo","","[COUNT] Calibration pass {0} matches scored [{1}]: {2}","",""," ","keep behind --perf-stats","",""
"","Gated (dev)","developer (gated)","--verbose","Osprey.Tasks/Calibrator.cs","1706","LogVerbose","","RT quality filter (pass {0}): {1} -> {2} peptides (removed {3} with S/N < {4:F1})","",""," ","keep behind --verbose","",""
"","Gated (dev)","developer (gated)","--perf-stats","Osprey.Tasks/Calibrator.cs","1711","LogInfo","","[COUNT] Calibration pass {0} high-quality (S/N>=5) [{1}]: {2}","",""," ","keep behind --perf-stats","",""
"","Gated (dev)","developer (gated)","--verbose","Osprey.Tasks/Calibrator.cs","1759","LogVerbose","","MS1 calibration (pass {0}): mean={1:F4} {2}, SD={3:F4} {2}, 3*SD={4:F4} {2} (n={5} precursor matches)","",""," ","keep behind --verbose","",""
"","Gated (dev)","developer (gated)","--verbose","Osprey.Tasks/Calibrator.cs","1762","LogVerbose","","MS2 calibration (pass {0}): mean={1:F4} {2}, SD={3:F4} {2}, 3*SD={4:F4} {2} (n={5} fragment matches)","",""," ","keep behind --verbose","",""
"","Gated (dev)","developer (gated)","--fdrbench","Osprey.Tasks/EntrapmentPairing.cs","85","LogInfo","","[ENTRAPMENT] Dropped {0} unmatched entrapment peptides (N-terminal-Met-clip artifacts with no target pair); excluded from the FDRBench manifest, input, and diagnostics","",""," ","keep behind --fdrbench","",""
"","Gated (dev)","developer (gated)","--fdrbench","Osprey.Tasks/EntrapmentPairing.cs","93","LogInfo","","[ENTRAPMENT] WARNING: {0} entrapment peptides have no target pair and no known explanation (e.g. {1}); excluded -- investigate,","",""," ","keep behind --fdrbench","",""
"","Gated (dev)","developer (gated)","--perf-stats","Osprey.Tasks/FdrProjectionSinks.cs","133","LogInfo","","[COUNT] {0} Percolator pass [{1}]: {2} targets, {3} decoys at {4:P0} FDR","",""," ","keep behind --perf-stats","",""
"","Gated (dev)","developer (gated)","--perf-stats","Osprey.Tasks/FdrProjectionSinks.cs","143","LogInfo","","[COUNT] {0} total across files: {1}","",""," ","keep behind --perf-stats","",""
"","Gated (dev)","developer (gated)","--perf-stats","Osprey.Tasks/FdrProjectionSinks.cs","146","LogInfo","","[COUNT] {0} unique precursors (best q across files): {1}","",""," ","keep behind --perf-stats","",""
"","Gated (dev)","developer (gated)","--perf-stats","Osprey.Tasks/FirstPassFdrTask.cs","617","LogInfo","","[TIMING] Percolator/Simple FDR: {0:F1}s","",""," ","keep behind --perf-stats","",""
"","Gated (dev)","developer (gated)","--perf-stats","Osprey.Tasks/FirstPassFdrTask.cs","640","LogInfo","","[TIMING] First-pass protein FDR: {0:F1}s","",""," ","keep behind --perf-stats","",""
"","Gated (dev)","developer (gated)","-d / OSPREY_DUMP_* / OSPREY_DIAG_*","Osprey.Tasks/FirstPassFdrTask.cs","1464","LogWarning","","[WARN] OSPREY_DUMP_PERCOLATOR: no Stage 5 dump written. This run hydrated its first-pass state through the bounded per-file path, which compacts each file as it loads, so the PRE-compaction pool the dump reports never exists all at once. Re-run with OSPREY_FDR_PROJECTION=0 OSPREY_ALLOW_UNFIXED_RESIDENT={0} for the resident dump.","compaction; hydrate; Stage N; resident; OSPREY_* env var",""," ","keep behind -d / OSPREY_DUMP_* / OSPREY_DIAG_*","",""
"","Gated (dev)","developer (gated)","--fdrbench","Osprey.Tasks/FirstPassFdrTask.cs","1736","LogInfo","","Wrote FDRBench input (pass 1, {0}) to {1}: {2} rowsper-runper-precursor","",""," ","keep behind --fdrbench","",""
"","Gated (dev)","developer (gated)","--fdrbench","Osprey.Tasks/FirstPassFdrTask.cs","1739","LogInfo","","Wrote FDRBench pairing manifest (from the searched library) to {0}: {1} peptides","",""," ","keep behind --fdrbench","",""
"","Gated (dev)","developer (gated)","--fdrbench","Osprey.Tasks/FirstPassFdrTask.cs","1743","LogInfo","","{0} FDRBench rows had no library entry; peptide and protein columns left blank","entry/entries",""," ","keep behind --fdrbench","",""
"","Gated (dev)","developer (gated)","--fdrbench","Osprey.Tasks/FirstPassFdrTask.cs","1747","LogInfo","","{0} FDRBench rows had oversize protein-ID lists; truncated with ';...+N_more'","",""," ","keep behind --fdrbench","",""
"","Gated (dev)","developer (gated)","--perf-stats","Osprey.Tasks/FirstPassFdrTask.cs","1750","LogInfo","","[STAGE-WALL] fdrbench-pass1: {0:F1}s","",""," ","keep behind --perf-stats","",""
"","Gated (dev)","developer (gated)","-d / OSPREY_DUMP_* / OSPREY_DIAG_*","Osprey.Tasks/FirstPassFdrTask.cs","2568","LogInfo","","[BISECT] Percolator diagnostic-only dump complete - aborting run","",""," ","keep behind -d / OSPREY_DUMP_* / OSPREY_DIAG_*","",""
"","Gated (dev)","developer (gated)","-d / OSPREY_DUMP_* / OSPREY_DIAG_*","Osprey.Tasks/FirstPassFdrTask.cs","2604","LogInfo","","[BISECT] Percolator diagnostic-only dump complete - aborting run","",""," ","keep behind -d / OSPREY_DUMP_* / OSPREY_DIAG_*","",""
"","Gated (dev)","developer (gated)","-d / OSPREY_DUMP_* / OSPREY_DIAG_*","Osprey.Tasks/FirstPassFdrTask.cs","3269","LogInfo","","[BISECT] Percolator diagnostic-only dump complete - aborting run","",""," ","keep behind -d / OSPREY_DUMP_* / OSPREY_DIAG_*","",""
"","Gated (dev)","developer (gated)","--perf-stats","Osprey.Tasks/FirstPassFdrTask.cs","3272","LogInfo","","[TIMING] Percolator/Simple FDR: {0:F1}s","",""," ","keep behind --perf-stats","",""
"","Gated (dev)","developer (gated)","--perf-stats","Osprey.Tasks/FirstPassFdrTask.cs","3335","LogInfo","","[TIMING] First-pass protein FDR: {0:F1}s","",""," ","keep behind --perf-stats","",""
"","Gated (dev)","developer (gated)","--model-diagnostics","Osprey.Tasks/ModelDiagnostics/ModelDiagnosticsReport.cs","120","LogInfo","","[MODEL-DIAGNOSTICS] first-pass model not retrained on this run (resumed/rehydrated); the Model tab's feature table and per-feature distributions are unavailable. Clear the 1st-pass FDR sidecars to force a retrain.","sidecar; hydrate",""," ","keep behind --model-diagnostics","",""
"","Gated (dev)","developer (gated)","--model-diagnostics","Osprey.Tasks/ModelDiagnostics/ModelDiagnosticsReport.cs","138","LogInfo","","[MODEL-DIAGNOSTICS] wrote model diagnostics report: {0}","",""," ","keep behind --model-diagnostics","",""
"","Gated (dev)","developer (gated)","--model-diagnostics","Osprey.Tasks/ModelDiagnostics/ModelDiagnosticsReport.cs","143","LogInfo","","[MODEL-DIAGNOSTICS] report generation failed: {0}","",""," ","keep behind --model-diagnostics","",""
"","Gated (dev)","developer (gated)","--model-diagnostics","Osprey.Tasks/ModelDiagnostics/ModelDiagnosticsReport.cs","183","LogInfo","","[MODEL-DIAGNOSTICS] first-pass model not retrained on this run (resumed/rehydrated); the Model tab's feature table and per-feature distributions are unavailable. Clear the 1st-pass FDR sidecars to force a retrain.","sidecar; hydrate",""," ","keep behind --model-diagnostics","",""
"","Gated (dev)","developer (gated)","--model-diagnostics","Osprey.Tasks/ModelDiagnostics/ModelDiagnosticsReport.cs","197","LogInfo","","[MODEL-DIAGNOSTICS] wrote model diagnostics report: {0}","",""," ","keep behind --model-diagnostics","",""
"","Gated (dev)","developer (gated)","--model-diagnostics","Osprey.Tasks/ModelDiagnostics/ModelDiagnosticsReport.cs","202","LogInfo","","[MODEL-DIAGNOSTICS] report generation failed: {0}","",""," ","keep behind --model-diagnostics","",""
"","Gated (dev)","developer (gated)","--model-diagnostics","Osprey.Tasks/ModelDiagnostics/ModelDiagnosticsReport.cs","263","LogInfo","","[MODEL-DIAGNOSTICS] pass-2 enrichment failed: {0}","",""," ","keep behind --model-diagnostics","",""
"","Gated (dev)","developer (gated)","--model-diagnostics","Osprey.Tasks/ModelDiagnostics/ModelDiagnosticsReport.cs","312","LogInfo","","[MODEL-DIAGNOSTICS] pass-2 enrichment failed: {0}","",""," ","keep behind --model-diagnostics","",""
"","Gated (dev)","developer (gated)","--model-diagnostics","Osprey.Tasks/ModelDiagnostics/ModelDiagnosticsReport.cs","327","LogInfo","","[MODEL-DIAGNOSTICS] pass-1 data sidecar not found; pass-2 enrichment skipped (pass-1 page stands).","sidecar",""," ","keep behind --model-diagnostics","",""
"","Gated (dev)","developer (gated)","--model-diagnostics","Osprey.Tasks/ModelDiagnostics/ModelDiagnosticsReport.cs","351","LogInfo","","[MODEL-DIAGNOSTICS] finalized report ({0} pass-2 FDR view(s); pass-2 model {1}); re-wrote: {2}includedn/a","",""," ","keep behind --model-diagnostics","",""
"","Gated (dev)","developer (gated)","--model-diagnostics","Osprey.Tasks/ModelDiagnostics/ModelDiagnosticsReport.cs","385","LogInfo","","[MODEL-DIAGNOSTICS] the pass-1 diagnostics product on disk was written for a different analysis (validity key mismatch); rebuilding it.","",""," ","keep behind --model-diagnostics","",""
"","Gated (dev)","developer (gated)","--model-diagnostics","Osprey.Tasks/ModelDiagnostics/ModelDiagnosticsReport.cs","396","LogInfo","","[MODEL-DIAGNOSTICS] second-pass results are not on disk, so this report covers the FIRST PASS ONLY and no pass-2 diagnostics can be generated. Re-run this task once the analysis completes to add them.","",""," ","keep behind --model-diagnostics","",""
"","Gated (dev)","developer (gated)","--model-diagnostics","Osprey.Tasks/ModelDiagnostics/ModelDiagnosticsReport.cs","400","LogInfo","","[MODEL-DIAGNOSTICS] re-rendered from completed analysis state: {0}","",""," ","keep behind --model-diagnostics","",""
"","Gated (dev)","developer (gated)","--model-diagnostics","Osprey.Tasks/ModelDiagnostics/ModelDiagnosticsReport.cs","600","LogWarning","","[WARN] [MODEL-DIAGNOSTICS] fan-out worker: not writing the experiment-wide pass-1 diagnostics product (this node holds one run; FirstPassFDR owns it).","worker/fan-out/join",""," ","keep behind --model-diagnostics","",""
"","Gated (dev)","developer (gated)","--model-diagnostics","Osprey.Tasks/ModelDiagnostics/ModelDiagnosticsReport.cs","694","LogInfo","","Classifying {0} library entries for model diagnostics...","entry/entries",""," ","keep behind --model-diagnostics","",""
"","Gated (dev)","developer (gated)","--model-diagnostics","Osprey.Tasks/ModelDiagnostics/PeakCoAssignmentSource.cs","99","LogInfo","","[MODEL-DIAGNOSTICS] peak co-assignment abandoned after an unexpected error: {0}","",""," ","keep behind --model-diagnostics","",""
"","Gated (dev)","developer (gated)","--model-diagnostics","Osprey.Tasks/ModelDiagnostics/PeakCoAssignmentSource.cs","117","LogInfo","","[MODEL-DIAGNOSTICS] peak co-assignment skipped: no per-file parquet or library available.","byproduct/interned/parquet",""," ","keep behind --model-diagnostics","",""
"","Gated (dev)","developer (gated)","--model-diagnostics","Osprey.Tasks/ModelDiagnostics/PeakCoAssignmentSource.cs","137","LogInfo","","[MODEL-DIAGNOSTICS] peak co-assignment skipped: no 1st-pass experiment-scope FDR records were supplied, and their aggregate scores are what the acceptance boundary is drawn from.","",""," ","keep behind --model-diagnostics","",""
"","Gated (dev)","developer (gated)","--model-diagnostics","Osprey.Tasks/ModelDiagnostics/PeakCoAssignmentSource.cs","159","ProgressReporter","","Peak co-assignment: scanning 1st-pass sidecars over {0} file(s)...","sidecar",""," ","keep behind --model-diagnostics","",""
"","Gated (dev)","developer (gated)","--model-diagnostics","Osprey.Tasks/ModelDiagnostics/PeakCoAssignmentSource.cs","199","LogInfo","","[MODEL-DIAGNOSTICS] peak co-assignment: 1st-pass sidecar for {0} could not be read in full; the acceptance boundary would be drawn from a partial pool, so the panel is not built","sidecar",""," ","keep behind --model-diagnostics","",""
"","Gated (dev)","developer (gated)","--model-diagnostics","Osprey.Tasks/ModelDiagnostics/PeakCoAssignmentSource.cs","214","LogInfo","","[MODEL-DIAGNOSTICS] peak co-assignment: reducing the experiment boundary over {0} file(s)...","",""," ","keep behind --model-diagnostics","",""
"","Gated (dev)","developer (gated)","--model-diagnostics","Osprey.Tasks/ModelDiagnostics/PeakCoAssignmentSource.cs","225","LogInfo","","[MODEL-DIAGNOSTICS] peak co-assignment boundary (pass 1): experiment {0:F4} from {1} accepted precursor(s); {2} decoy + {3} non-decoy precursor(s) clear it","",""," ","keep behind --model-diagnostics","",""
"","Gated (dev)","developer (gated)","--model-diagnostics","Osprey.Tasks/ModelDiagnostics/PeakCoAssignmentSource.cs","230","LogInfo","","[MODEL-DIAGNOSTICS] peak co-assignment boundary (pass 1): run {0} = {1:F4}","",""," ","keep behind --model-diagnostics","",""
"","Gated (dev)","developer (gated)","--model-diagnostics","Osprey.Tasks/ModelDiagnostics/PeakCoAssignmentSource.cs","242","ProgressReporter","","Peak co-assignment: joining apex RT over {0} file(s)...","",""," ","keep behind --model-diagnostics","",""
"","Gated (dev)","developer (gated)","--model-diagnostics","Osprey.Tasks/ModelDiagnostics/PeakCoAssignmentSource.cs","257","LogInfo","","[MODEL-DIAGNOSTICS] peak co-assignment unavailable ({0}); panel omitted.","",""," ","keep behind --model-diagnostics","",""
"","Gated (dev)","developer (gated)","--model-diagnostics","Osprey.Tasks/ModelDiagnostics/PeakCoAssignmentSource.cs","274","LogInfo","","[MODEL-DIAGNOSTICS] peak co-assignment (pass 1): decoy precursors admitted {0}, tallied {1}","",""," ","keep behind --model-diagnostics","",""
"","Gated (dev)","developer (gated)","--model-diagnostics","Osprey.Tasks/ModelDiagnostics/PeakCoAssignmentSource.cs","279","LogInfo","","[MODEL-DIAGNOSTICS] peak co-assignment WARNING: {0} decoy precursor(s) cleared the experiment boundary but {1} reached the panel; the decoy row is under-reported.","",""," ","keep behind --model-diagnostics","",""
"","Gated (dev)","developer (gated)","--model-diagnostics","Osprey.Tasks/ModelDiagnostics/PeakCoAssignmentSource.cs","285","LogInfo","","[MODEL-DIAGNOSTICS] peak co-assignment: no detected rows resolved to a library m/z; panel omitted.","",""," ","keep behind --model-diagnostics","",""
"","Gated (dev)","developer (gated)","--model-diagnostics","Osprey.Tasks/ModelDiagnostics/PeakCoAssignmentSource.cs","291","LogInfo","","[MODEL-DIAGNOSTICS] peak co-assignment (pass 1): {0} detected rows over {1} file(s) in {2:F1}s","",""," ","keep behind --model-diagnostics","",""
"","Gated (dev)","developer (gated)","--model-diagnostics","Osprey.Tasks/ModelDiagnostics/PeakCoAssignmentSource.cs","299","LogInfo","","[MODEL-DIAGNOSTICS] peak co-assignment: {0} detected row(s) had no library entry and were excluded","entry/entries",""," ","keep behind --model-diagnostics","",""
"","Gated (dev)","developer (gated)","--perf-stats","Osprey.Tasks/OspreyReportWriter.cs","79","LogInfo","","[COUNT] Wrote protein-group report: {0}","",""," ","keep behind --perf-stats","",""
"","Gated (dev)","developer (gated)","--perf-stats","Osprey.Tasks/OspreyReportWriter.cs","87","LogInfo","","[COUNT] Wrote summary report: {0}","",""," ","keep behind --perf-stats","",""
"","Gated (dev)","developer (gated)","--perf-stats","Osprey.Tasks/Pass2FdrSidecar.cs","253","LogVerbose","","[STAGE-WALL] pass-1 scalar restore: {0:F1}s","scalars",""," ","keep behind --perf-stats","",""
"","Gated (dev)","developer (gated)","--perf-stats","Osprey.Tasks/Pass2FdrSidecar.cs","288","LogInfo","","[STAGE-WALL] second-pass-fdr: {0:F1}s","",""," ","keep behind --perf-stats","",""
"","Gated (dev)","developer (gated)","--verbose","Osprey.Tasks/Pass2FdrSidecar.cs","394","LogVerbose","","Wrote 2nd-pass FDR scores for {0} file(s)","",""," ","keep behind --verbose","",""
"","Gated (dev)","developer (gated)","--verbose","Osprey.Tasks/Pass2FdrSidecar.cs","402","LogVerbose","","Left {0} 2nd-pass FDR sidecar(s) untouched (--task ModelDiagnostics writes no artifact but the report)","sidecar",""," ","keep behind --verbose","",""
"","Gated (dev)","developer (gated)","--verbose","Osprey.Tasks/Pass2FdrSidecar.cs","589","LogVerbose","","Reloaded 2nd-pass FDR scores ({0}) for {1}/{2} file(s) post-compaction","compaction",""," ","keep behind --verbose","",""
"","Gated (dev)","developer (gated)","--verbose","Osprey.Tasks/Pass2FdrSidecar.cs","1315","LogVerbose","","Restored 1st-pass Score/Pep/ExperimentAggregateScore onto {0} survivor(s) across {1} file(s).","survivor/retained set; code identifier",""," ","keep behind --verbose","",""
"","Gated (dev)","developer (gated)","--verbose","Osprey.Tasks/Pass2FdrSidecar.cs","1537","LogVerbose","","Resolved the second-pass protein q-value for {0} record(s) across {1} file(s).","",""," ","keep behind --verbose","",""
"","Gated (dev)","developer (gated)","--perf-stats","Osprey.Tasks/Pass2FdrSidecar.cs","2430","LogInfo","","[TIMING] Reloaded PIN features for {0} entries: {1:F1}s","entry/entries",""," ","keep behind --perf-stats","",""
"","Gated (dev)","developer (gated)","--verbose","Osprey.Tasks/Pass2PerFileWorker.cs","364","LogVerbose","","Restored 1st-pass Score/Pep/ExperimentAggregateScore onto {0} survivor(s) across {1} file(s).","survivor/retained set; code identifier",""," ","keep behind --verbose","",""
"","Gated (dev)","developer (gated)","--perf-stats","Osprey.Tasks/PerFileRescoreTask.cs","2867","LogInfo","","[STAGE-WALL] survivor-pool {0:F1}s ({1} files)","survivor/retained set",""," ","keep behind --perf-stats","",""
"","Gated (dev)","developer (gated)","--perf-stats","Osprey.Tasks/PerFileScoringTask.cs","355","LogInfo","","[TIMING] All files processed: {0:F1}s","",""," ","keep behind --perf-stats","",""
"","Gated (dev)","developer (gated)","--perf-stats","Osprey.Tasks/PerFileScoringTask.cs","553","LogInfo","","[TIMING] All files processed: {0:F1}s","",""," ","keep behind --perf-stats","",""
"","Gated (dev)","developer (gated)","--perf-stats","Osprey.Tasks/PerFileScoringTask.cs","854","LogInfo","","[TIMING] All files processed: {0:F1}s","",""," ","keep behind --perf-stats","",""
"","Gated (dev)","developer (gated)","--perf-stats","Osprey.Tasks/PerFileScoringTask.cs","1051","LogInfo","","[COUNT] Library targets loaded: {0}","",""," ","keep behind --perf-stats","",""
"","Gated (dev)","developer (gated)","--perf-stats","Osprey.Tasks/PerFileScoringTask.cs","1102","LogInfo","","[TIMING] Library loading + decoys: {0:F1}s (load: {1:F1}s, decoys: {2:F1}s)","",""," ","keep behind --perf-stats","",""
"","Gated (dev)","developer (gated)","--perf-stats","Osprey.Tasks/PerFileScoringTask.cs","1105","LogInfo","","[COUNT] Library decoys generated: {0}","",""," ","keep behind --perf-stats","",""
"","Gated (dev)","developer (gated)","--perf-stats","Osprey.Tasks/PerFileScoringTask.cs","1113","LogInfo","","[COUNT] Full library: {0} ({1} targets + {2} decoys)","",""," ","keep behind --perf-stats","",""
"","Gated (dev)","developer (gated)","--perf-stats","Osprey.Tasks/PerFileScoringTask.cs","1134","LogInfo","","[COUNT] Entries with <3 fragments: {0} (0={1}, 1={2}, 2={3})","",""," ","keep behind --perf-stats","",""
"","Gated (dev)","developer (gated)","OSPREY_LOG_MEMORY","Osprey.Tasks/PerFileScoringTask.cs","1159","LogInfo","","[MEM library-resident] managed_heap={0:F2} GB ({1} entries)","entry/entries; resident",""," ","keep behind OSPREY_LOG_MEMORY","",""
"","Gated (dev)","developer (gated)","--perf-stats","Osprey.Tasks/PerFileScoringTask.cs","1184","LogInfo","","[COUNT] Library-decoy mode: {0} flagged ({1} via Decoy column, {2} via protein-accession prefix)","",""," ","keep behind --perf-stats","",""
"","Gated (dev)","developer (gated)","--perf-stats","Osprey.Tasks/PerFileScoringTask.cs","2541","LogInfo","","[BENCH] Per-file thread cap: {0} ({1} total / {2} files in parallel)","",""," ","keep behind --perf-stats","",""
"","Gated (dev)","developer (gated)","--perf-stats","Osprey.Tasks/PerFileScoringTask.cs","2582","LogInfo","","[TIMING] mzML parsing: {0:F1}s ({1:F1} MB/s)","",""," ","keep behind --perf-stats","",""
"","Gated (dev)","developer (gated)","--perf-stats","Osprey.Tasks/PerFileScoringTask.cs","2587","LogInfo","","[TIMING] mzML parsing: {0:F1}s","",""," ","keep behind --perf-stats","",""
"","Gated (dev)","developer (gated)","--perf-stats","Osprey.Tasks/PerFileScoringTask.cs","2606","LogInfo","","[COUNT] mzML spectra loaded [{0}]: {1} MS2 + {2} MS1","",""," ","keep behind --perf-stats","",""
"","Gated (dev)","developer (gated)","--perf-stats","Osprey.Tasks/PerFileScoringTask.cs","2608","LogInfo","","[COUNT] Isolation windows [{0}]: {1}","",""," ","keep behind --perf-stats","",""
"","Gated (dev)","developer (gated)","--perf-stats","Osprey.Tasks/PerFileScoringTask.cs","2655","LogInfo","","([BENCH] OSPREY_EXIT_AFTER_CALIBRATION set - exiting after Stage 3 (calibration done))","Stage N; OSPREY_* env var",""," ","keep behind --perf-stats","",""
"","Gated (dev)","developer (gated)","-d / OSPREY_DUMP_* / OSPREY_DIAG_*","Osprey.Tasks/PerFileScoringTask.cs","2702","LogInfo","","Wrote per-candidate pick dump to {0}","",""," ","keep behind -d / OSPREY_DUMP_* / OSPREY_DIAG_*","",""
"","Gated (dev)","developer (gated)","--perf-stats","Osprey.Tasks/PerFileScoringTask.cs","2807","LogInfo","","[TIMING] Coelution scoring: {0:F1}s ({1} candidates, {2:F0} cand/s)","",""," ","keep behind --perf-stats","",""
"","Gated (dev)","developer (gated)","--perf-stats","Osprey.Tasks/PerFileScoringTask.cs","2828","LogInfo","","[COUNT] Coelution scored [{0}]: {1} entries ({2} targets, {3} decoys)","entry/entries",""," ","keep behind --perf-stats","",""
"","Gated (dev)","developer (gated)","--perf-stats","Osprey.Tasks/PerFileScoringTask.cs","2836","LogInfo","","[COUNT] Deduplication [{0}]: {1} -> {2} ({3} removed)","",""," ","keep behind --perf-stats","",""
"","Gated (dev)","developer (gated)","-d / OSPREY_DUMP_* / OSPREY_DIAG_*","Osprey.Tasks/PerFileScoringTask.cs","2884","LogInfo","","[BISECT] Loading calibration from: {0}","",""," ","keep behind -d / OSPREY_DUMP_* / OSPREY_DIAG_*","",""
"","Gated (dev)","developer (gated)","--perf-stats","Osprey.Tasks/PerFileScoringTask.cs","2935","LogInfo","","[TIMING] RT calibration: {0:F1}s ({1} calibration points)","",""," ","keep behind --perf-stats","",""
"","Gated (dev)","developer (gated)","--perf-stats","Osprey.Tasks/PerFileScoringTask.cs","3213","LogInfo","","[COUNT] Wrote feature dump: {0} ({1} entries)","entry/entries",""," ","keep behind --perf-stats","",""
"","Gated (dev)","developer (gated)","OSPREY_LOG_MEMORY","Osprey.Tasks/ProfilerHooks.cs","206","logDelegate","","[MEM {0}] working_set={1:F2} GB (peak={2:F2} GB), managed_heap={3:F2} GB, peak_paged={4:F2} GB, gen2_count={5}, loh_count={6}{7}","",""," ","keep behind OSPREY_LOG_MEMORY","",""
"","Gated (dev)","developer (gated)","OSPREY_LOG_MEMORY","Osprey.Tasks/ProfilerHooks.cs","261","logDelegate","","[MEM {0}] managed_heap={1:F2} GB {2}","",""," ","keep behind OSPREY_LOG_MEMORY","",""
"","Gated (dev)","developer (gated)","--perf-stats","Osprey.Tasks/SecondPassFdrTask.cs","471","LogInfo","","[STAGE-WALL] stage7: {0:F1}s","",""," ","keep behind --perf-stats","",""
"","Gated (dev)","developer (gated)","--perf-stats","Osprey.Tasks/SecondPassFdrTask.cs","513","LogInfo","","[STAGE-WALL] blib: {0:F1}s","",""," ","keep behind --perf-stats","",""
"","Gated (dev)","developer (gated)","--fdrbench","Osprey.Tasks/SecondPassFdrTask.cs","543","LogInfo","","Wrote FDRBench input (pass 2, {0}) to {1}: {2} rowsper-runper-precursor","",""," ","keep behind --fdrbench","",""
"","Gated (dev)","developer (gated)","--fdrbench","Osprey.Tasks/SecondPassFdrTask.cs","546","LogInfo","","Wrote FDRBench pairing manifest (from the searched library) to {0}: {1} peptides","",""," ","keep behind --fdrbench","",""
"","Gated (dev)","developer (gated)","--fdrbench","Osprey.Tasks/SecondPassFdrTask.cs","550","LogInfo","","{0} FDRBench rows had no library entry; peptide and protein columns left blank","entry/entries",""," ","keep behind --fdrbench","",""
"","Gated (dev)","developer (gated)","--fdrbench","Osprey.Tasks/SecondPassFdrTask.cs","554","LogInfo","","{0} FDRBench rows had oversize protein-ID lists; truncated with ';...+N_more'","",""," ","keep behind --fdrbench","",""
"","Gated (dev)","developer (gated)","--perf-stats","Osprey.Tasks/SecondPassFdrTask.cs","557","LogInfo","","[STAGE-WALL] fdrbench: {0:F1}s","",""," ","keep behind --perf-stats","",""
"","Gated (dev)","developer (gated)","--model-diagnostics","Osprey.Tasks/SecondPassFdrTask.cs","803","LogInfo","","[MODEL-DIAGNOSTICS] pass-2 enrichment failed: {0}","",""," ","keep behind --model-diagnostics","",""
"","Gated (dev)","developer (gated)","--model-diagnostics","Osprey.Tasks/SecondPassFdrTask.cs","889","LogInfo","","[MODEL-DIAGNOSTICS] peak co-assignment refused, so the panel is omitted; the rest of the pass-2 report is unaffected: {0}","",""," ","keep behind --model-diagnostics","",""
"","Gated (dev)","developer (gated)","--perf-stats","Osprey.Tasks/SecondPassFdrTask.cs","1200","LogInfo","","[COUNT] Stage 1 passing peptides: {0}","Stage N",""," ","keep behind --perf-stats","",""
"","Gated (dev)","developer (gated)","--perf-stats","Osprey.Tasks/SecondPassFdrTask.cs","1202","LogInfo","","[COUNT] Stage 2 passing precursors: {0}","Stage N",""," ","keep behind --perf-stats","",""
"","Gated (dev)","developer (gated)","--perf-stats","Osprey.Tasks/SecondPassFdrTask.cs","1215","LogInfo","","[COUNT] Best-per-precursor for blib: {0}","",""," ","keep behind --perf-stats","",""
"","Gated (dev)","developer (gated)","--perf-stats","Osprey.Tasks/SecondPassFdrTask.cs","1230","LogInfo","","[COUNT] Cross-file observations to write: {0}","",""," ","keep behind --perf-stats","",""
"","Gated (dev)","developer (gated)","--perf-stats","Osprey/AnalysisPipeline.cs","109","LogInfo","","[TIMING] Total pipeline: {0:F1}s","",""," ","keep behind --perf-stats","",""
"","Gated (dev)","developer (gated)","--perf-stats","Osprey/AnalysisPipeline.cs","213","LogInfo","","[STAGE-WALL] {0}: {1:F1}s","",""," ","keep behind --perf-stats","",""
"","Gated (dev)","developer (gated)","--fdrbench","Osprey/OspreyCommandArgs.cs","548","LogWarning","","[WARN] --fdrbench-per-run is set without --fdrbench; no FDRBench input will be written. Pass --fdrbench <input.tsv> to enable FDRBench output.","",""," ","keep behind --fdrbench","",""
"","Gated (dev)","developer (gated)","--fdrbench","Osprey/OspreyCommandArgs.cs","555","LogWarning","","[WARN] --fdrbench-pass is set without --fdrbench; no FDRBench input will be written. Pass --fdrbench <input.tsv> to enable FDRBench output.","",""," ","keep behind --fdrbench","",""
"","Gated (dev)","developer (gated)","-d / OSPREY_DUMP_* / OSPREY_DIAG_*","Osprey/OspreyFileDiagnostics.cs","469","LogAction","","[BISECT] {0} set - aborting after dump","",""," ","keep behind -d / OSPREY_DUMP_* / OSPREY_DIAG_*","",""
"","Gated (dev)","developer (gated)","--perf-stats","Osprey/OspreyFileDiagnostics.cs","509","LogAction","","[COUNT] Wrote calibration sample: {0} ({1} targets)","",""," ","keep behind --perf-stats","",""
"","Gated (dev)","developer (gated)","--perf-stats","Osprey/OspreyFileDiagnostics.cs","627","LogAction","","[COUNT] Wrote calibration windows dump (pass {0}): cs_cal_windows.txt ({1} rows)","",""," ","keep behind --perf-stats","",""
"","Gated (dev)","developer (gated)","--perf-stats","Osprey/OspreyFileDiagnostics.cs","703","LogAction","","[COUNT] Wrote calibration match dump (pass {0}): {1} ({2} matched, {3} unmatched)","",""," ","keep behind --perf-stats","",""
"","Gated (dev)","developer (gated)","--perf-stats","Osprey/OspreyFileDiagnostics.cs","760","LogAction","","[COUNT] Wrote MS2 cal errors dump: cs_ms2_cal_errors.txt ({0} rows across {1} matches)","",""," ","keep behind --perf-stats","",""
"","Gated (dev)","developer (gated)","--perf-stats","Osprey/OspreyFileDiagnostics.cs","783","LogAction","","[COUNT] Wrote LDA scores dump (pass {0}): cs_lda_scores.txt ({1} entries)","entry/entries",""," ","keep behind --perf-stats","",""
"","Gated (dev)","developer (gated)","--perf-stats","Osprey/OspreyFileDiagnostics.cs","819","LogAction","","[COUNT] Wrote LOESS input dump (pass {0}): cs_loess_input.txt ({1} pairs)","",""," ","keep behind --perf-stats","",""
"","Gated (dev)","developer (gated)","--perf-stats","Osprey/OspreyFileDiagnostics.cs","869","LogAction","","[COUNT] Wrote calibration summary: cs_cal_summary.txt (11 scalars)","scalars",""," ","keep behind --perf-stats","",""
"","Gated (dev)","developer (gated)","-d / OSPREY_DUMP_* / OSPREY_DIAG_*","Osprey/OspreyFileDiagnostics.cs","977","LogAction","","[BISECT] OSPREY_DIAG_XIC_ENTRY_ID matched on pass {0} - wrote {1} and exiting","OSPREY_* env var",""," ","keep behind -d / OSPREY_DUMP_* / OSPREY_DIAG_*","",""
"","Gated (dev)","developer (gated)","-d / OSPREY_DUMP_* / OSPREY_DIAG_*","Osprey/OspreyFileDiagnostics.cs","1068","LogAction","","[BISECT] Search XIC dump for entry {0}: {1} xics, {2} scans -> {3}","entry/entries",""," ","keep behind -d / OSPREY_DUMP_* / OSPREY_DIAG_*","",""
"","Gated (dev)","developer (gated)","-d / OSPREY_DUMP_* / OSPREY_DIAG_*","Osprey/OspreyFileDiagnostics.cs","1127","LogAction","","[BISECT] Wrote median polish diagnostic: cs_mp_diag.txt","",""," ","keep behind -d / OSPREY_DUMP_* / OSPREY_DIAG_*","",""
"","Gated (dev)","developer (gated)","-d / OSPREY_DUMP_* / OSPREY_DIAG_*","Osprey/OspreyFileDiagnostics.cs","1188","LogAction","","[BISECT] OSPREY_DUMP_MP_INPUTS active: writing tukey_median_polish inputs to cs_stage6_mp_inputs.tsv","OSPREY_* env var",""," ","keep behind -d / OSPREY_DUMP_* / OSPREY_DIAG_*","",""
"","Gated (dev)","developer (gated)","-d / OSPREY_DUMP_* / OSPREY_DIAG_*","Osprey/OspreyFileDiagnostics.cs","1234","LogAction","","[BISECT] OSPREY_DUMP_PREDICT_RT active: writing predict() inputs/outputs to cs_stage6_predict_rt.tsv","OSPREY_* env var",""," ","keep behind -d / OSPREY_DUMP_* / OSPREY_DIAG_*","",""
"","Gated (dev)","developer (gated)","-d / OSPREY_DUMP_* / OSPREY_DIAG_*","Osprey/OspreyFileDiagnostics.cs","1380","LogAction","","[BISECT] OSPREY_DUMP_CWT_PATH active: writing CWT path summary to cs_stage6_cwt_path.tsv","OSPREY_* env var",""," ","keep behind -d / OSPREY_DUMP_* / OSPREY_DIAG_*","",""
"","Gated (dev)","developer (gated)","-d / OSPREY_DUMP_* / OSPREY_DIAG_*","Osprey/OspreyFileDiagnostics.cs","1529","LogAction","","Wrote Stage 5 Percolator dump: {0} ({1} rows)","Stage N",""," ","keep behind -d / OSPREY_DUMP_* / OSPREY_DIAG_*","",""
"","Gated (dev)","developer (gated)","-d / OSPREY_DUMP_* / OSPREY_DIAG_*","Osprey/OspreyFileDiagnostics.cs","1597","LogAction","","Wrote Stage 6 rescored dump: {0} ({1} rows)","Stage N",""," ","keep behind -d / OSPREY_DUMP_* / OSPREY_DIAG_*","",""
"","Gated (dev)","developer (gated)","-d / OSPREY_DUMP_* / OSPREY_DIAG_*","Osprey/OspreyFileDiagnostics.cs","1633","LogAction","","Wrote Stage 6 consensus dump: {0} ({1} rows)","Stage N",""," ","keep behind -d / OSPREY_DUMP_* / OSPREY_DIAG_*","",""
"","Gated (dev)","developer (gated)","-d / OSPREY_DUMP_* / OSPREY_DIAG_*","Osprey/OspreyFileDiagnostics.cs","1690","LogAction","","Wrote Stage 6 multi-charge dump: {0} ({1} rows)","Stage N",""," ","keep behind -d / OSPREY_DUMP_* / OSPREY_DIAG_*","",""
"","Gated (dev)","developer (gated)","-d / OSPREY_DUMP_* / OSPREY_DIAG_*","Osprey/OspreyFileDiagnostics.cs","1722","LogAction","","Wrote Stage 6 refit dump: {0} ({1} rows)","Stage N",""," ","keep behind -d / OSPREY_DUMP_* / OSPREY_DIAG_*","",""
"","Gated (dev)","developer (gated)","-d / OSPREY_DUMP_* / OSPREY_DIAG_*","Osprey/OspreyFileDiagnostics.cs","1807","LogAction","","Wrote Stage 6 reconciliation dump: {0} ({1} rows)","Stage N",""," ","keep behind -d / OSPREY_DUMP_* / OSPREY_DIAG_*","",""
"","Gated (dev)","developer (gated)","-d / OSPREY_DUMP_* / OSPREY_DIAG_*","Osprey/OspreyFileDiagnostics.cs","1838","LogAction","","Appended {0} calibration rows for {1} to {2}","",""," ","keep behind -d / OSPREY_DUMP_* / OSPREY_DIAG_*","",""
"","Gated (dev)","developer (gated)","-d / OSPREY_DUMP_* / OSPREY_DIAG_*","Osprey/OspreyFileDiagnostics.cs","1891","LogAction","","Wrote Stage 6 inverse-predict dump: {0} ({1} rows)","Stage N",""," ","keep behind -d / OSPREY_DUMP_* / OSPREY_DIAG_*","",""
"","Gated (dev)","developer (gated)","-d / OSPREY_DUMP_* / OSPREY_DIAG_*","Osprey/OspreyFileDiagnostics.cs","1949","LogAction","","Wrote Stage 6 first-pass protein FDR dump: {0} ({1} rows)","Stage N",""," ","keep behind -d / OSPREY_DUMP_* / OSPREY_DIAG_*","",""
"","Gated (dev)","developer (gated)","-d / OSPREY_DUMP_* / OSPREY_DIAG_*","Osprey/OspreyFileDiagnostics.cs","2043","LogAction","","Wrote Stage 7 second-pass protein FDR dump: {0} ({1} rows)","Stage N",""," ","keep behind -d / OSPREY_DUMP_* / OSPREY_DIAG_*","",""
"","Gated (dev)","developer (gated)","-d / OSPREY_DUMP_* / OSPREY_DIAG_*","Osprey/OspreyFileDiagnostics.cs","2098","LogAction","","Wrote Stage 6 LOESS fit dump: {0} ({1} rows across {2} files)","Stage N",""," ","keep behind -d / OSPREY_DUMP_* / OSPREY_DIAG_*","",""
"","Gated (dev)","developer (gated)","-d / OSPREY_DUMP_* / OSPREY_DIAG_*","Osprey/OspreyFileDiagnostics.cs","2122","LogAction","","[DIAG] Wrote {0} ({1} entries)","entry/entries",""," ","keep behind -d / OSPREY_DUMP_* / OSPREY_DIAG_*","",""
